state,district,block,village,business_category,commodity_or_service,unit,date,year,month,season,festival_month_flag,fuel_price_index,mandi_footfall_index,historical_price_inr,historical_demand_volume,price_next_1m,price_next_3m,price_next_6m,demand_next_1m,demand_next_3m,price_volatility_3m,price_trend,pricing_recommendation
Jharkhand,Dhanbad,Baliapur,Dhangi,Dairy & Livestock,Raw Cow Milk,INR/Litre,2024-01-01,2024,1,Winter,0,89.72,100.2,43.35,323.4,44.59,44.24,41.99,330.7,300.9,0.0,Upward,Competitive Market Rate
Jharkhand,Dhanbad,Baliapur,Dhangi,Dairy & Livestock,Raw Cow Milk,INR/Litre,2024-02-01,2024,2,Winter,0,90.19,101.07,44.59,330.7,45.32,42.75,42.11,351.9,335.2,0.62,Downward,Promotional Discounting
Jharkhand,Dhanbad,Baliapur,Dhangi,Dairy & Livestock,Raw Cow Milk,INR/Litre,2024-03-01,2024,3,Summer,1,88.67,102.41,45.32,351.9,44.24,43.37,41.07,300.9,293.9,0.81,Downward,Promotional Discounting
Jharkhand,Dhanbad,Baliapur,Dhangi,Dairy & Livestock,Raw Cow Milk,INR/Litre,2024-04-01,2024,4,Summer,0,89.98,103.75,44.24,300.9,42.75,41.99,42.68,335.2,310.5,0.45,Downward,Promotional Discounting
Jharkhand,Dhanbad,Baliapur,Dhangi,Dairy & Livestock,Raw Cow Milk,INR/Litre,2024-05-01,2024,5,Summer,0,93.32,104.88,42.75,335.2,43.37,42.11,42.27,293.9,335.7,1.05,Stable,Competitive Market Rate
Jharkhand,Dhanbad,Baliapur,Dhangi,Dairy & Livestock,Raw Cow Milk,INR/Litre,2024-06-01,2024,6,Monsoon,0,94.75,104.57,43.37,293.9,41.99,41.07,42.83,310.5,334.6,0.61,Downward,Promotional Discounting
Jharkhand,Dhanbad,Baliapur,Dhangi,Dairy & Livestock,Raw Cow Milk,INR/Litre,2024-07-01,2024,7,Monsoon,0,95.01,103.63,41.99,310.5,42.11,42.68,44.08,335.7,326.6,0.57,Stable,Competitive Market Rate
Jharkhand,Dhanbad,Baliapur,Dhangi,Dairy & Livestock,Raw Cow Milk,INR/Litre,2024-08-01,2024,8,Monsoon,1,96.07,101.37,42.11,335.7,41.07,42.27,44.16,334.6,313.3,0.63,Stable,Competitive Market Rate
Jharkhand,Dhanbad,Baliapur,Dhangi,Dairy & Livestock,Raw Cow Milk,INR/Litre,2024-09-01,2024,9,Monsoon,0,94.86,103.02,41.07,334.6,42.68,42.83,45.47,326.6,335.0,0.47,Upward,Gradual Price Hike
Jharkhand,Dhanbad,Baliapur,Dhangi,Poultry & Egg Production,Broiler Live Bird,INR/Kg,2024-01-01,2024,1,Winter,0,90.01,103.69,114.55,151.9,116.28,113.13,109.99,168.2,164.3,0.0,Stable,Competitive Market Rate
Jharkhand,Dhanbad,Baliapur,Dhangi,Poultry & Egg Production,Broiler Live Bird,INR/Kg,2024-02-01,2024,2,Winter,0,89.72,103.41,116.28,168.2,118.77,114.62,112.58,190.8,154.6,0.87,Stable,Competitive Market Rate
Jharkhand,Dhanbad,Baliapur,Dhangi,Poultry & Egg Production,Broiler Live Bird,INR/Kg,2024-03-01,2024,3,Summer,1,88.03,103.86,118.77,190.8,113.13,112.48,107.27,164.3,142.4,1.73,Downward,Promotional Discounting
Jharkhand,Dhanbad,Baliapur,Dhangi,Poultry & Egg Production,Broiler Live Bird,INR/Kg,2024-04-01,2024,4,Summer,0,87.52,103.81,113.13,164.3,114.62,109.99,109.9,154.6,162.4,2.31,Downward,Promotional Discounting
Jharkhand,Dhanbad,Baliapur,Dhangi,Poultry & Egg Production,Broiler Live Bird,INR/Kg,2024-05-01,2024,5,Summer,0,87.11,102.05,114.62,154.6,112.48,112.58,110.01,142.4,177.8,2.39,Stable,Competitive Market Rate
Jharkhand,Dhanbad,Baliapur,Dhangi,Poultry & Egg Production,Broiler Live Bird,INR/Kg,2024-06-01,2024,6,Monsoon,0,86.15,103.77,112.48,142.4,109.99,107.27,113.04,162.4,157.1,0.9,Downward,Promotional Discounting
Jharkhand,Dhanbad,Baliapur,Dhangi,Poultry & Egg Production,Broiler Live Bird,INR/Kg,2024-07-01,2024,7,Monsoon,0,85.95,104.9,109.99,162.4,112.58,109.9,114.48,177.8,162.2,1.89,Stable,Competitive Market Rate
Jharkhand,Dhanbad,Baliapur,Dhangi,Poultry & Egg Production,Broiler Live Bird,INR/Kg,2024-08-01,2024,8,Monsoon,1,86.44,106.08,112.58,177.8,107.27,110.01,116.56,157.1,163.6,1.2,Downward,Promotional Discounting
Jharkhand,Dhanbad,Baliapur,Dhangi,Poultry & Egg Production,Broiler Live Bird,INR/Kg,2024-09-01,2024,9,Monsoon,0,88.7,104.72,107.27,157.1,109.9,113.04,120.26,162.2,165.5,2.17,Upward,Competitive Market Rate
Jharkhand,Dhanbad,Baliapur,Dhangi,Fisheries / Aquaculture,Freshwater Rohu Fish,INR/Kg,2024-01-01,2024,1,Winter,0,91.26,99.64,177.74,57.9,177.04,177.34,165.55,54.5,52.9,0.0,Stable,Competitive Market Rate
Jharkhand,Dhanbad,Baliapur,Dhangi,Fisheries / Aquaculture,Freshwater Rohu Fish,INR/Kg,2024-02-01,2024,2,Winter,0,92.85,101.45,177.04,54.5,182.18,174.68,168.56,59.9,55.4,0.35,Stable,Competitive Market Rate
Jharkhand,Dhanbad,Baliapur,Dhangi,Fisheries / Aquaculture,Freshwater Rohu Fish,INR/Kg,2024-03-01,2024,3,Summer,1,93.73,102.26,182.18,59.9,177.34,169.22,164.47,52.9,54.1,2.28,Downward,Promotional Discounting
Jharkhand,Dhanbad,Baliapur,Dhangi,Fisheries / Aquaculture,Freshwater Rohu Fish,INR/Kg,2024-04-01,2024,4,Summer,0,92.59,106.36,177.34,52.9,174.68,165.55,162.19,55.4,58.6,2.36,Downward,Promotional Discounting
Jharkhand,Dhanbad,Baliapur,Dhangi,Fisheries / Aquaculture,Freshwater Rohu Fish,INR/Kg,2024-05-01,2024,5,Summer,0,91.68,106.5,174.68,55.4,169.22,168.56,162.49,54.1,66.6,3.11,Downward,Promotional Discounting
Jharkhand,Dhanbad,Baliapur,Dhangi,Fisheries / Aquaculture,Freshwater Rohu Fish,INR/Kg,2024-06-01,2024,6,Monsoon,0,90.33,104.39,169.22,54.1,165.55,164.47,170.31,58.6,64.4,3.38,Downward,Promotional Discounting
Jharkhand,Dhanbad,Baliapur,Dhangi,Fisheries / Aquaculture,Freshwater Rohu Fish,INR/Kg,2024-07-01,2024,7,Monsoon,0,91.25,104.34,165.55,58.6,168.56,162.19,172.27,66.6,56.9,3.75,Downward,Promotional Discounting
Jharkhand,Dhanbad,Baliapur,Dhangi,Fisheries / Aquaculture,Freshwater Rohu Fish,INR/Kg,2024-08-01,2024,8,Monsoon,1,92.77,102.9,168.56,66.6,164.47,162.49,173.8,64.4,60.8,1.6,Downward,Promotional Discounting
Jharkhand,Dhanbad,Baliapur,Dhangi,Fisheries / Aquaculture,Freshwater Rohu Fish,INR/Kg,2024-09-01,2024,9,Monsoon,0,93.28,104.36,164.47,64.4,162.19,170.31,177.76,56.9,54.0,1.73,Upward,Gradual Price Hike
Jharkhand,Dhanbad,Baliapur,Dhangi,Agri-input & Farm Supply,Hybrid Paddy/Wheat Seed & Fert,INR/50Kg Bag,2024-01-01,2024,1,Winter,0,92.78,100.95,1478.4,146.6,1509.78,1494.7,1445.14,130.5,141.0,0.0,Stable,Competitive Market Rate
Jharkhand,Dhanbad,Baliapur,Dhangi,Agri-input & Farm Supply,Hybrid Paddy/Wheat Seed & Fert,INR/50Kg Bag,2024-02-01,2024,2,Winter,0,90.54,97.91,1509.78,130.5,1546.55,1487.55,1417.58,161.8,132.1,15.69,Stable,Competitive Market Rate
Jharkhand,Dhanbad,Baliapur,Dhangi,Agri-input & Farm Supply,Hybrid Paddy/Wheat Seed & Fert,INR/50Kg Bag,2024-03-01,2024,3,Summer,1,91.36,98.19,1546.55,161.8,1494.7,1463.25,1408.66,141.0,145.1,27.85,Downward,Promotional Discounting
Jharkhand,Dhanbad,Baliapur,Dhangi,Agri-input & Farm Supply,Hybrid Paddy/Wheat Seed & Fert,INR/50Kg Bag,2024-04-01,2024,4,Summer,0,89.43,97.2,1494.7,141.0,1487.55,1445.14,1416.92,132.1,149.3,21.78,Downward,Promotional Discounting
Jharkhand,Dhanbad,Baliapur,Dhangi,Agri-input & Farm Supply,Hybrid Paddy/Wheat Seed & Fert,INR/50Kg Bag,2024-05-01,2024,5,Summer,0,88.86,98.48,1487.55,132.1,1463.25,1417.58,1439.5,145.1,157.5,26.29,Downward,Promotional Discounting
Jharkhand,Dhanbad,Baliapur,Dhangi,Agri-input & Farm Supply,Hybrid Paddy/Wheat Seed & Fert,INR/50Kg Bag,2024-06-01,2024,6,Monsoon,0,90.17,97.29,1463.25,145.1,1445.14,1408.66,1474.64,149.3,146.9,13.46,Downward,Promotional Discounting
Jharkhand,Dhanbad,Baliapur,Dhangi,Agri-input & Farm Supply,Hybrid Paddy/Wheat Seed & Fert,INR/50Kg Bag,2024-07-01,2024,7,Monsoon,0,90.24,97.12,1445.14,149.3,1417.58,1416.92,1485.73,157.5,170.1,17.37,Stable,Competitive Market Rate
Jharkhand,Dhanbad,Baliapur,Dhangi,Agri-input & Farm Supply,Hybrid Paddy/Wheat Seed & Fert,INR/50Kg Bag,2024-08-01,2024,8,Monsoon,1,88.95,97.88,1417.58,157.5,1408.66,1439.5,1500.84,146.9,150.1,18.78,Stable,Competitive Market Rate
Jharkhand,Dhanbad,Baliapur,Dhangi,Agri-input & Farm Supply,Hybrid Paddy/Wheat Seed & Fert,INR/50Kg Bag,2024-09-01,2024,9,Monsoon,0,88.09,99.17,1408.66,146.9,1416.92,1474.64,1542.39,170.1,145.3,15.53,Upward,Competitive Market Rate
Jharkhand,Dhanbad,Baliapur,Dhangi,Food Processing,Mustard Oil,INR/Litre,2024-01-01,2024,1,Winter,0,90.82,101.32,144.69,389.8,144.63,146.72,137.35,393.4,391.8,0.0,Stable,Competitive Market Rate
Jharkhand,Dhanbad,Baliapur,Dhangi,Food Processing,Mustard Oil,INR/Litre,2024-02-01,2024,2,Winter,0,90.91,102.14,144.63,393.4,149.33,145.24,143.38,386.3,342.3,0.03,Stable,Competitive Market Rate
Jharkhand,Dhanbad,Baliapur,Dhangi,Food Processing,Mustard Oil,INR/Litre,2024-03-01,2024,3,Summer,1,91.44,101.08,149.33,386.3,146.72,140.89,137.71,391.8,361.8,2.2,Downward,Promotional Discounting
Jharkhand,Dhanbad,Baliapur,Dhangi,Food Processing,Mustard Oil,INR/Litre,2024-04-01,2024,4,Summer,0,91.31,98.4,146.72,391.8,145.24,137.35,139.01,342.3,343.8,1.92,Downward,Promotional Discounting
Jharkhand,Dhanbad,Baliapur,Dhangi,Food Processing,Mustard Oil,INR/Litre,2024-05-01,2024,5,Summer,0,90.72,96.57,145.24,342.3,140.89,143.38,141.85,361.8,439.7,1.69,Stable,Competitive Market Rate
Jharkhand,Dhanbad,Baliapur,Dhangi,Food Processing,Mustard Oil,INR/Litre,2024-06-01,2024,6,Monsoon,0,90.97,95.56,140.89,361.8,137.35,137.71,144.09,343.8,358.6,2.48,Downward,Promotional Discounting
Jharkhand,Dhanbad,Baliapur,Dhangi,Food Processing,Mustard Oil,INR/Litre,2024-07-01,2024,7,Monsoon,0,92.03,97.3,137.35,343.8,143.38,139.01,148.4,439.7,408.3,3.23,Stable,Competitive Market Rate
Jharkhand,Dhanbad,Baliapur,Dhangi,Food Processing,Mustard Oil,INR/Litre,2024-08-01,2024,8,Monsoon,1,91.48,99.63,143.38,439.7,137.71,141.85,147.15,358.6,379.3,2.48,Stable,Promotional Discounting
Jharkhand,Dhanbad,Baliapur,Dhangi,Food Processing,Mustard Oil,INR/Litre,2024-09-01,2024,9,Monsoon,0,90.73,98.97,137.71,358.6,139.01,144.09,152.82,408.3,361.6,2.76,Upward,Competitive Market Rate
Jharkhand,Dhanbad,Baliapur,Dhangi,Retail / Kirana,Grocery Essentials,INR/Order,2024-01-01,2024,1,Winter,0,89.14,100.6,467.14,126.5,474.33,472.37,456.58,130.3,118.9,0.0,Stable,Competitive Market Rate
Jharkhand,Dhanbad,Baliapur,Dhangi,Retail / Kirana,Grocery Essentials,INR/Order,2024-02-01,2024,2,Winter,0,88.88,101.64,474.33,130.3,483.27,477.11,460.97,158.2,131.3,3.59,Stable,Competitive Market Rate
Jharkhand,Dhanbad,Baliapur,Dhangi,Retail / Kirana,Grocery Essentials,INR/Order,2024-03-01,2024,3,Summer,1,89.25,101.04,483.27,158.2,472.37,467.08,455.04,118.9,131.3,6.6,Downward,Promotional Discounting
Jharkhand,Dhanbad,Baliapur,Dhangi,Retail / Kirana,Grocery Essentials,INR/Order,2024-04-01,2024,4,Summer,0,91.03,101.37,472.37,118.9,477.11,456.58,450.81,131.3,122.7,4.74,Downward,Promotional Discounting
Jharkhand,Dhanbad,Baliapur,Dhangi,Retail / Kirana,Grocery Essentials,INR/Order,2024-05-01,2024,5,Summer,0,92.05,101.39,477.11,131.3,467.08,460.97,464.68,131.3,142.9,4.46,Downward,Promotional Discounting
Jharkhand,Dhanbad,Baliapur,Dhangi,Retail / Kirana,Grocery Essentials,INR/Order,2024-06-01,2024,6,Monsoon,0,91.86,101.54,467.08,131.3,456.58,455.04,469.72,122.7,127.7,4.1,Downward,Promotional Discounting
Jharkhand,Dhanbad,Baliapur,Dhangi,Retail / Kirana,Grocery Essentials,INR/Order,2024-07-01,2024,7,Monsoon,0,91.84,100.38,456.58,122.7,460.97,450.81,485.26,142.9,127.1,8.38,Stable,Competitive Market Rate
Jharkhand,Dhanbad,Baliapur,Dhangi,Retail / Kirana,Grocery Essentials,INR/Order,2024-08-01,2024,8,Monsoon,1,90.64,100.41,460.97,142.9,455.04,464.68,490.21,127.7,124.0,4.3,Stable,Competitive Market Rate
Jharkhand,Dhanbad,Baliapur,Dhangi,Retail / Kirana,Grocery Essentials,INR/Order,2024-09-01,2024,9,Monsoon,0,90.61,101.16,455.04,127.7,450.81,469.72,498.87,127.1,128.6,2.51,Upward,Gradual Price Hike
Jharkhand,Dhanbad,Baliapur,Dhangi,Tailoring & Garment Services,Stitching Job,INR/Job,2024-01-01,2024,1,Winter,0,91.82,101.73,298.8,185.1,298.65,304.93,286.53,183.5,158.9,0.0,Upward,Gradual Price Hike
Jharkhand,Dhanbad,Baliapur,Dhangi,Tailoring & Garment Services,Stitching Job,INR/Job,2024-02-01,2024,2,Winter,0,92.19,103.27,298.65,183.5,309.38,291.49,287.47,188.5,181.5,0.07,Downward,Promotional Discounting
Jharkhand,Dhanbad,Baliapur,Dhangi,Tailoring & Garment Services,Stitching Job,INR/Job,2024-03-01,2024,3,Summer,1,91.82,103.52,309.38,188.5,304.93,292.4,277.26,158.9,186.6,5.02,Downward,Promotional Discounting
Jharkhand,Dhanbad,Baliapur,Dhangi,Tailoring & Garment Services,Stitching Job,INR/Job,2024-04-01,2024,4,Summer,0,89.9,101.99,304.93,158.9,291.49,286.53,279.41,181.5,192.6,4.4,Downward,Promotional Discounting
Jharkhand,Dhanbad,Baliapur,Dhangi,Tailoring & Garment Services,Stitching Job,INR/Job,2024-05-01,2024,5,Summer,0,88.26,101.58,291.49,181.5,292.4,287.47,283.33,186.6,204.7,7.6,Stable,Competitive Market Rate
Jharkhand,Dhanbad,Baliapur,Dhangi,Tailoring & Garment Services,Stitching Job,INR/Job,2024-06-01,2024,6,Monsoon,0,88.9,103.82,292.4,186.6,286.53,277.26,288.5,192.6,179.2,6.13,Downward,Promotional Discounting
Jharkhand,Dhanbad,Baliapur,Dhangi,Tailoring & Garment Services,Stitching Job,INR/Job,2024-07-01,2024,7,Monsoon,0,90.17,105.13,286.53,192.6,287.47,279.41,285.86,204.7,171.4,2.58,Downward,Promotional Discounting
Jharkhand,Dhanbad,Baliapur,Dhangi,Tailoring & Garment Services,Stitching Job,INR/Job,2024-08-01,2024,8,Monsoon,1,92.02,104.48,287.47,204.7,277.26,283.33,296.52,179.2,179.4,2.57,Stable,Competitive Market Rate
Jharkhand,Dhanbad,Baliapur,Dhangi,Tailoring & Garment Services,Stitching Job,INR/Job,2024-09-01,2024,9,Monsoon,0,91.03,103.97,277.26,179.2,279.41,288.5,304.52,171.4,181.4,4.61,Upward,Gradual Price Hike
Jharkhand,Dhanbad,Baliapur,Dhangi,Repair & Maintenance,Service Job,INR/Service,2024-01-01,2024,1,Winter,0,90.74,98.57,222.96,410.2,219.52,219.9,213.23,442.7,441.7,0.0,Stable,Competitive Market Rate
Jharkhand,Dhanbad,Baliapur,Dhangi,Repair & Maintenance,Service Job,INR/Service,2024-02-01,2024,2,Winter,0,91.65,96.16,219.52,442.7,230.05,218.97,215.93,501.6,459.4,1.72,Stable,Competitive Market Rate
Jharkhand,Dhanbad,Baliapur,Dhangi,Repair & Maintenance,Service Job,INR/Service,2024-03-01,2024,3,Summer,1,91.01,96.46,230.05,501.6,219.9,218.85,209.07,441.7,423.5,4.38,Downward,Promotional Discounting
Jharkhand,Dhanbad,Baliapur,Dhangi,Repair & Maintenance,Service Job,INR/Service,2024-04-01,2024,4,Summer,0,90.32,95.33,219.9,441.7,218.97,213.23,211.79,459.4,425.5,4.88,Downward,Promotional Discounting
Jharkhand,Dhanbad,Baliapur,Dhangi,Repair & Maintenance,Service Job,INR/Service,2024-05-01,2024,5,Summer,0,89.99,93.19,218.97,459.4,218.85,215.93,216.43,423.5,535.5,5.02,Stable,Competitive Market Rate
Jharkhand,Dhanbad,Baliapur,Dhangi,Repair & Maintenance,Service Job,INR/Service,2024-06-01,2024,6,Monsoon,0,87.23,92.22,218.85,423.5,213.23,209.07,220.35,425.5,463.9,0.47,Downward,Promotional Discounting
Jharkhand,Dhanbad,Baliapur,Dhangi,Repair & Maintenance,Service Job,INR/Service,2024-07-01,2024,7,Monsoon,0,85.41,90.6,213.23,425.5,215.93,211.79,230.66,535.5,432.7,2.68,Stable,Competitive Market Rate
Jharkhand,Dhanbad,Baliapur,Dhangi,Repair & Maintenance,Service Job,INR/Service,2024-08-01,2024,8,Monsoon,1,87.05,93.13,215.93,535.5,209.07,216.43,228.65,463.9,423.4,2.29,Stable,Competitive Market Rate
Jharkhand,Dhanbad,Baliapur,Dhangi,Repair & Maintenance,Service Job,INR/Service,2024-09-01,2024,9,Monsoon,0,89.02,94.46,209.07,463.9,211.79,220.35,235.96,432.7,416.5,2.82,Upward,Gradual Price Hike
Jharkhand,Dhanbad,Baliapur,Dhangi,Digital / CSC / Online Services,Banking/Aadhaar,INR/Transaction,2024-01-01,2024,1,Winter,0,89.32,101.14,56.6,131.9,58.44,57.74,54.57,125.7,136.3,0.0,Upward,Gradual Price Hike
Jharkhand,Dhanbad,Baliapur,Dhangi,Digital / CSC / Online Services,Banking/Aadhaar,INR/Transaction,2024-02-01,2024,2,Winter,0,88.12,102.8,58.44,125.7,58.04,56.74,54.65,162.2,134.7,0.92,Downward,Promotional Discounting
Jharkhand,Dhanbad,Baliapur,Dhangi,Digital / CSC / Online Services,Banking/Aadhaar,INR/Transaction,2024-03-01,2024,3,Summer,1,88.46,103.96,58.04,162.2,57.74,55.61,52.34,136.3,133.2,0.79,Downward,Promotional Discounting
Jharkhand,Dhanbad,Baliapur,Dhangi,Digital / CSC / Online Services,Banking/Aadhaar,INR/Transaction,2024-04-01,2024,4,Summer,0,85.17,102.87,57.74,136.3,56.74,54.57,54.28,134.7,135.7,0.29,Downward,Promotional Discounting
Jharkhand,Dhanbad,Baliapur,Dhangi,Digital / CSC / Online Services,Banking/Aadhaar,INR/Transaction,2024-05-01,2024,5,Summer,0,84.62,106.52,56.74,134.7,55.61,54.65,55.05,133.2,155.3,0.55,Downward,Promotional Discounting
Jharkhand,Dhanbad,Baliapur,Dhangi,Digital / CSC / Online Services,Banking/Aadhaar,INR/Transaction,2024-06-01,2024,6,Monsoon,0,84.25,103.87,55.61,133.2,54.57,52.34,55.66,135.7,145.4,0.87,Downward,Promotional Discounting
Jharkhand,Dhanbad,Baliapur,Dhangi,Digital / CSC / Online Services,Banking/Aadhaar,INR/Transaction,2024-07-01,2024,7,Monsoon,0,82.42,102.32,54.57,135.7,54.65,54.28,57.5,155.3,138.2,0.89,Stable,Competitive Market Rate
Jharkhand,Dhanbad,Baliapur,Dhangi,Digital / CSC / Online Services,Banking/Aadhaar,INR/Transaction,2024-08-01,2024,8,Monsoon,1,83.38,102.57,54.65,155.3,52.34,55.05,59.19,145.4,139.9,0.47,Stable,Competitive Market Rate
Jharkhand,Dhanbad,Baliapur,Dhangi,Digital / CSC / Online Services,Banking/Aadhaar,INR/Transaction,2024-09-01,2024,9,Monsoon,0,82.01,102.71,52.34,145.4,54.28,55.66,60.02,138.2,133.8,1.07,Upward,Gradual Price Hike
Jharkhand,Dhanbad,Baliapur,Dhangi,Handicrafts / Artisan Products,Handcrafted Decor,INR/Piece,2024-01-01,2024,1,Winter,0,91.0,102.03,325.48,373.0,329.48,331.73,309.63,419.1,370.2,0.0,Stable,Competitive Market Rate
Jharkhand,Dhanbad,Baliapur,Dhangi,Handicrafts / Artisan Products,Handcrafted Decor,INR/Piece,2024-02-01,2024,2,Winter,0,89.97,102.65,329.48,419.1,339.06,316.45,311.99,426.0,366.1,2.0,Downward,Promotional Discounting
Jharkhand,Dhanbad,Baliapur,Dhangi,Handicrafts / Artisan Products,Handcrafted Decor,INR/Piece,2024-03-01,2024,3,Summer,1,90.05,105.47,339.06,426.0,331.73,310.31,305.2,370.2,381.7,5.7,Downward,Promotional Discounting
Jharkhand,Dhanbad,Baliapur,Dhangi,Handicrafts / Artisan Products,Handcrafted Decor,INR/Piece,2024-04-01,2024,4,Summer,0,89.48,104.31,331.73,370.2,316.45,309.63,304.7,366.1,421.0,4.09,Downward,Promotional Discounting
Jharkhand,Dhanbad,Baliapur,Dhangi,Handicrafts / Artisan Products,Handcrafted Decor,INR/Piece,2024-05-01,2024,5,Summer,0,90.06,102.44,316.45,366.1,310.31,311.99,303.58,381.7,441.2,9.42,Stable,Competitive Market Rate
Jharkhand,Dhanbad,Baliapur,Dhangi,Handicrafts / Artisan Products,Handcrafted Decor,INR/Piece,2024-06-01,2024,6,Monsoon,0,90.46,99.77,310.31,381.7,309.63,305.2,315.39,421.0,348.4,9.01,Stable,Competitive Market Rate
Jharkhand,Dhanbad,Baliapur,Dhangi,Handicrafts / Artisan Products,Handcrafted Decor,INR/Piece,2024-07-01,2024,7,Monsoon,0,91.7,102.02,309.63,421.0,311.99,304.7,322.36,441.2,406.0,3.07,Stable,Competitive Market Rate
Jharkhand,Dhanbad,Baliapur,Dhangi,Handicrafts / Artisan Products,Handcrafted Decor,INR/Piece,2024-08-01,2024,8,Monsoon,1,91.09,103.0,311.99,441.2,305.2,303.58,325.25,348.4,413.7,0.99,Downward,Promotional Discounting
Jharkhand,Dhanbad,Baliapur,Dhangi,Handicrafts / Artisan Products,Handcrafted Decor,INR/Piece,2024-09-01,2024,9,Monsoon,0,90.77,102.92,305.2,348.4,304.7,315.39,330.95,406.0,378.0,2.81,Upward,Competitive Market Rate
Jharkhand,Dhanbad,Govindpur,Behichiya,Dairy & Livestock,Raw Cow Milk,INR/Litre,2024-01-01,2024,1,Winter,0,91.3,98.34,43.58,72.5,44.31,44.46,42.08,66.4,70.7,0.0,Upward,Gradual Price Hike
Jharkhand,Dhanbad,Govindpur,Behichiya,Dairy & Livestock,Raw Cow Milk,INR/Litre,2024-02-01,2024,2,Winter,0,89.08,100.42,44.31,66.4,44.8,43.82,43.11,87.6,73.6,0.37,Stable,Competitive Market Rate
Jharkhand,Dhanbad,Govindpur,Behichiya,Dairy & Livestock,Raw Cow Milk,INR/Litre,2024-03-01,2024,3,Summer,1,87.86,96.43,44.8,87.6,44.46,44.18,42.03,70.7,72.4,0.5,Stable,Promotional Discounting
Jharkhand,Dhanbad,Govindpur,Behichiya,Dairy & Livestock,Raw Cow Milk,INR/Litre,2024-04-01,2024,4,Summer,0,88.48,93.32,44.46,70.7,43.82,42.08,41.89,73.6,71.5,0.21,Downward,Promotional Discounting
Jharkhand,Dhanbad,Govindpur,Behichiya,Dairy & Livestock,Raw Cow Milk,INR/Litre,2024-05-01,2024,5,Summer,0,87.52,91.45,43.82,73.6,44.18,43.11,43.25,72.4,79.9,0.41,Stable,Competitive Market Rate
Jharkhand,Dhanbad,Govindpur,Behichiya,Dairy & Livestock,Raw Cow Milk,INR/Litre,2024-06-01,2024,6,Monsoon,0,87.33,89.69,44.18,72.4,42.08,42.03,43.01,71.5,63.7,0.27,Downward,Promotional Discounting
Jharkhand,Dhanbad,Govindpur,Behichiya,Dairy & Livestock,Raw Cow Milk,INR/Litre,2024-07-01,2024,7,Monsoon,0,87.33,89.99,42.08,71.5,43.11,41.89,44.12,79.9,74.3,0.91,Stable,Competitive Market Rate
Jharkhand,Dhanbad,Govindpur,Behichiya,Dairy & Livestock,Raw Cow Milk,INR/Litre,2024-08-01,2024,8,Monsoon,1,87.52,90.43,43.11,79.9,42.03,43.25,45.31,63.7,68.3,0.85,Stable,Promotional Discounting
Jharkhand,Dhanbad,Govindpur,Behichiya,Dairy & Livestock,Raw Cow Milk,INR/Litre,2024-09-01,2024,9,Monsoon,0,86.7,90.05,42.03,63.7,41.89,43.01,46.83,74.3,70.4,0.5,Upward,Competitive Market Rate
Jharkhand,Dhanbad,Govindpur,Behichiya,Poultry & Egg Production,Broiler Live Bird,INR/Kg,2024-01-01,2024,1,Winter,0,87.5,101.11,112.74,438.1,113.99,111.63,106.24,386.2,428.1,0.0,Stable,Competitive Market Rate
Jharkhand,Dhanbad,Govindpur,Behichiya,Poultry & Egg Production,Broiler Live Bird,INR/Kg,2024-02-01,2024,2,Winter,0,89.54,101.37,113.99,386.2,115.28,110.98,105.92,480.4,406.5,0.63,Downward,Promotional Discounting
Jharkhand,Dhanbad,Govindpur,Behichiya,Poultry & Egg Production,Broiler Live Bird,INR/Kg,2024-03-01,2024,3,Summer,1,89.79,101.1,115.28,480.4,111.63,109.72,104.86,428.1,425.5,1.04,Downward,Promotional Discounting
Jharkhand,Dhanbad,Govindpur,Behichiya,Poultry & Egg Production,Broiler Live Bird,INR/Kg,2024-04-01,2024,4,Summer,0,89.67,101.12,111.63,428.1,110.98,106.24,105.04,406.5,445.6,1.51,Downward,Promotional Discounting
Jharkhand,Dhanbad,Govindpur,Behichiya,Poultry & Egg Production,Broiler Live Bird,INR/Kg,2024-05-01,2024,5,Summer,0,89.02,101.64,110.98,406.5,109.72,105.92,107.18,425.5,497.3,1.89,Downward,Promotional Discounting
Jharkhand,Dhanbad,Govindpur,Behichiya,Poultry & Egg Production,Broiler Live Bird,INR/Kg,2024-06-01,2024,6,Monsoon,0,89.5,100.83,109.72,425.5,106.24,104.86,107.67,445.6,417.1,0.79,Downward,Promotional Discounting
Jharkhand,Dhanbad,Govindpur,Behichiya,Poultry & Egg Production,Broiler Live Bird,INR/Kg,2024-07-01,2024,7,Monsoon,0,89.45,99.67,106.24,445.6,105.92,105.04,109.54,497.3,397.3,2.01,Stable,Competitive Market Rate
Jharkhand,Dhanbad,Govindpur,Behichiya,Poultry & Egg Production,Broiler Live Bird,INR/Kg,2024-08-01,2024,8,Monsoon,1,90.78,99.96,105.92,497.3,104.86,107.18,110.1,417.1,416.2,1.72,Stable,Promotional Discounting
Jharkhand,Dhanbad,Govindpur,Behichiya,Poultry & Egg Production,Broiler Live Bird,INR/Kg,2024-09-01,2024,9,Monsoon,0,90.92,98.49,104.86,417.1,105.04,107.67,113.06,397.3,441.2,0.59,Upward,Gradual Price Hike
Jharkhand,Dhanbad,Govindpur,Behichiya,Fisheries / Aquaculture,Freshwater Rohu Fish,INR/Kg,2024-01-01,2024,1,Winter,0,92.37,100.93,184.81,362.1,189.33,189.57,183.54,363.9,352.9,0.0,Upward,Competitive Market Rate
Jharkhand,Dhanbad,Govindpur,Behichiya,Fisheries / Aquaculture,Freshwater Rohu Fish,INR/Kg,2024-02-01,2024,2,Winter,0,92.31,102.86,189.33,363.9,195.26,185.2,183.41,356.2,363.1,2.26,Downward,Promotional Discounting
Jharkhand,Dhanbad,Govindpur,Behichiya,Fisheries / Aquaculture,Freshwater Rohu Fish,INR/Kg,2024-03-01,2024,3,Summer,1,90.44,104.45,195.26,356.2,189.57,181.67,181.83,352.9,341.4,4.28,Downward,Promotional Discounting
Jharkhand,Dhanbad,Govindpur,Behichiya,Fisheries / Aquaculture,Freshwater Rohu Fish,INR/Kg,2024-04-01,2024,4,Summer,0,89.96,103.77,189.57,352.9,185.2,183.54,179.47,363.1,338.4,2.74,Downward,Promotional Discounting
Jharkhand,Dhanbad,Govindpur,Behichiya,Fisheries / Aquaculture,Freshwater Rohu Fish,INR/Kg,2024-05-01,2024,5,Summer,0,90.56,104.72,185.2,363.1,181.67,183.41,183.38,341.4,376.3,4.12,Stable,Competitive Market Rate
Jharkhand,Dhanbad,Govindpur,Behichiya,Fisheries / Aquaculture,Freshwater Rohu Fish,INR/Kg,2024-06-01,2024,6,Monsoon,0,91.2,102.43,181.67,341.4,183.54,181.83,186.21,338.4,350.0,3.23,Stable,Competitive Market Rate
Jharkhand,Dhanbad,Govindpur,Behichiya,Fisheries / Aquaculture,Freshwater Rohu Fish,INR/Kg,2024-07-01,2024,7,Monsoon,0,89.9,102.34,183.54,338.4,183.41,179.47,187.08,376.3,360.4,1.44,Downward,Promotional Discounting
Jharkhand,Dhanbad,Govindpur,Behichiya,Fisheries / Aquaculture,Freshwater Rohu Fish,INR/Kg,2024-08-01,2024,8,Monsoon,1,91.01,103.57,183.41,376.3,181.83,183.38,192.5,350.0,327.3,0.86,Stable,Competitive Market Rate
Jharkhand,Dhanbad,Govindpur,Behichiya,Fisheries / Aquaculture,Freshwater Rohu Fish,INR/Kg,2024-09-01,2024,9,Monsoon,0,88.9,103.77,181.83,350.0,179.47,186.21,198.41,360.4,340.3,0.78,Upward,Competitive Market Rate
Jharkhand,Dhanbad,Govindpur,Behichiya,Agri-input & Farm Supply,Hybrid Paddy/Wheat Seed & Fert,INR/50Kg Bag,2024-01-01,2024,1,Winter,0,88.8,103.68,1540.75,306.3,1559.33,1593.81,1521.43,307.2,295.1,0.0,Upward,Competitive Market Rate
Jharkhand,Dhanbad,Govindpur,Behichiya,Agri-input & Farm Supply,Hybrid Paddy/Wheat Seed & Fert,INR/50Kg Bag,2024-02-01,2024,2,Winter,0,87.87,102.73,1559.33,307.2,1611.99,1554.43,1522.47,347.5,305.5,9.29,Stable,Competitive Market Rate
Jharkhand,Dhanbad,Govindpur,Behichiya,Agri-input & Farm Supply,Hybrid Paddy/Wheat Seed & Fert,INR/50Kg Bag,2024-03-01,2024,3,Summer,1,87.83,101.93,1611.99,347.5,1593.81,1553.39,1485.9,295.1,315.7,30.17,Downward,Promotional Discounting
Jharkhand,Dhanbad,Govindpur,Behichiya,Agri-input & Farm Supply,Hybrid Paddy/Wheat Seed & Fert,INR/50Kg Bag,2024-04-01,2024,4,Summer,0,88.11,101.0,1593.81,295.1,1554.43,1521.43,1489.42,305.5,291.8,21.84,Downward,Promotional Discounting
Jharkhand,Dhanbad,Govindpur,Behichiya,Agri-input & Farm Supply,Hybrid Paddy/Wheat Seed & Fert,INR/50Kg Bag,2024-05-01,2024,5,Summer,0,89.97,100.16,1554.43,305.5,1553.39,1522.47,1558.5,315.7,376.7,24.02,Downward,Promotional Discounting
Jharkhand,Dhanbad,Govindpur,Behichiya,Agri-input & Farm Supply,Hybrid Paddy/Wheat Seed & Fert,INR/50Kg Bag,2024-06-01,2024,6,Monsoon,0,88.78,99.21,1553.39,315.7,1521.43,1485.9,1551.76,291.8,335.1,18.81,Downward,Promotional Discounting
Jharkhand,Dhanbad,Govindpur,Behichiya,Agri-input & Farm Supply,Hybrid Paddy/Wheat Seed & Fert,INR/50Kg Bag,2024-07-01,2024,7,Monsoon,0,89.96,100.99,1521.43,291.8,1522.47,1489.42,1616.99,376.7,340.2,15.32,Downward,Promotional Discounting
Jharkhand,Dhanbad,Govindpur,Behichiya,Agri-input & Farm Supply,Hybrid Paddy/Wheat Seed & Fert,INR/50Kg Bag,2024-08-01,2024,8,Monsoon,1,89.7,103.12,1522.47,376.7,1485.9,1558.5,1613.39,335.1,306.4,14.83,Upward,Gradual Price Hike
Jharkhand,Dhanbad,Govindpur,Behichiya,Agri-input & Farm Supply,Hybrid Paddy/Wheat Seed & Fert,INR/50Kg Bag,2024-09-01,2024,9,Monsoon,0,89.64,102.26,1485.9,335.1,1489.42,1551.76,1642.2,340.2,335.7,17.0,Upward,Competitive Market Rate
Jharkhand,Dhanbad,Govindpur,Behichiya,Food Processing,Mustard Oil,INR/Litre,2024-01-01,2024,1,Winter,0,90.6,97.77,141.79,148.1,144.73,144.48,137.49,150.0,146.6,0.0,Stable,Competitive Market Rate
Jharkhand,Dhanbad,Govindpur,Behichiya,Food Processing,Mustard Oil,INR/Litre,2024-02-01,2024,2,Winter,0,91.63,97.8,144.73,150.0,149.77,141.39,140.61,173.7,137.8,1.47,Downward,Promotional Discounting
Jharkhand,Dhanbad,Govindpur,Behichiya,Food Processing,Mustard Oil,INR/Litre,2024-03-01,2024,3,Summer,1,92.84,97.94,149.77,173.7,144.48,142.49,131.42,146.6,139.6,3.3,Downward,Promotional Discounting
Jharkhand,Dhanbad,Govindpur,Behichiya,Food Processing,Mustard Oil,INR/Litre,2024-04-01,2024,4,Summer,0,94.68,99.07,144.48,146.6,141.39,137.49,138.96,137.8,148.7,2.44,Downward,Promotional Discounting
Jharkhand,Dhanbad,Govindpur,Behichiya,Food Processing,Mustard Oil,INR/Litre,2024-05-01,2024,5,Summer,0,93.9,97.04,141.39,137.8,142.49,140.61,141.4,139.6,161.7,3.46,Stable,Competitive Market Rate
Jharkhand,Dhanbad,Govindpur,Behichiya,Food Processing,Mustard Oil,INR/Litre,2024-06-01,2024,6,Monsoon,0,94.48,99.29,142.49,139.6,137.49,131.42,140.26,148.7,144.9,1.28,Downward,Promotional Discounting
Jharkhand,Dhanbad,Govindpur,Behichiya,Food Processing,Mustard Oil,INR/Litre,2024-07-01,2024,7,Monsoon,0,94.03,99.61,137.49,148.7,140.61,138.96,145.92,161.7,150.6,2.15,Stable,Competitive Market Rate
Jharkhand,Dhanbad,Govindpur,Behichiya,Food Processing,Mustard Oil,INR/Litre,2024-08-01,2024,8,Monsoon,1,93.03,100.01,140.61,161.7,131.42,141.4,149.16,144.9,138.7,2.06,Stable,Competitive Market Rate
Jharkhand,Dhanbad,Govindpur,Behichiya,Food Processing,Mustard Oil,INR/Litre,2024-09-01,2024,9,Monsoon,0,92.21,99.4,131.42,144.9,138.96,140.26,152.19,150.6,151.0,3.81,Upward,Competitive Market Rate
Jharkhand,Dhanbad,Govindpur,Behichiya,Retail / Kirana,Grocery Essentials,INR/Order,2024-01-01,2024,1,Winter,0,89.71,102.16,442.73,58.0,444.3,439.96,410.61,58.9,62.5,0.0,Stable,Competitive Market Rate
Jharkhand,Dhanbad,Govindpur,Behichiya,Retail / Kirana,Grocery Essentials,INR/Order,2024-02-01,2024,2,Winter,0,90.13,101.15,444.3,58.9,459.07,442.11,420.34,64.8,61.0,0.78,Stable,Competitive Market Rate
Jharkhand,Dhanbad,Govindpur,Behichiya,Retail / Kirana,Grocery Essentials,INR/Order,2024-03-01,2024,3,Summer,1,88.63,103.85,459.07,64.8,439.96,423.72,402.49,62.5,68.1,7.36,Downward,Promotional Discounting
Jharkhand,Dhanbad,Govindpur,Behichiya,Retail / Kirana,Grocery Essentials,INR/Order,2024-04-01,2024,4,Summer,0,90.36,103.79,439.96,62.5,442.11,410.61,409.54,61.0,56.2,8.18,Downward,Promotional Discounting
Jharkhand,Dhanbad,Govindpur,Behichiya,Retail / Kirana,Grocery Essentials,INR/Order,2024-05-01,2024,5,Summer,0,90.27,101.64,442.11,61.0,423.72,420.34,408.6,68.1,70.2,8.55,Downward,Promotional Discounting
Jharkhand,Dhanbad,Govindpur,Behichiya,Retail / Kirana,Grocery Essentials,INR/Order,2024-06-01,2024,6,Monsoon,0,91.61,101.83,423.72,68.1,410.61,402.49,424.8,56.2,65.7,8.21,Downward,Promotional Discounting
Jharkhand,Dhanbad,Govindpur,Behichiya,Retail / Kirana,Grocery Essentials,INR/Order,2024-07-01,2024,7,Monsoon,0,92.02,100.81,410.61,56.2,420.34,409.54,437.84,70.2,61.3,12.92,Stable,Competitive Market Rate
Jharkhand,Dhanbad,Govindpur,Behichiya,Retail / Kirana,Grocery Essentials,INR/Order,2024-08-01,2024,8,Monsoon,1,92.57,102.07,420.34,70.2,402.49,408.6,428.96,65.7,65.8,5.56,Downward,Promotional Discounting
Jharkhand,Dhanbad,Govindpur,Behichiya,Retail / Kirana,Grocery Essentials,INR/Order,2024-09-01,2024,9,Monsoon,0,93.25,101.09,402.49,65.7,409.54,424.8,445.53,61.3,61.9,7.3,Upward,Gradual Price Hike
Jharkhand,Dhanbad,Govindpur,Behichiya,Tailoring & Garment Services,Stitching Job,INR/Job,2024-01-01,2024,1,Winter,0,90.14,101.13,287.23,403.2,290.83,298.86,277.86,380.3,386.7,0.0,Upward,Gradual Price Hike
Jharkhand,Dhanbad,Govindpur,Behichiya,Tailoring & Garment Services,Stitching Job,INR/Job,2024-02-01,2024,2,Winter,0,91.28,99.44,290.83,380.3,297.88,290.09,280.22,439.3,427.5,1.8,Stable,Competitive Market Rate
Jharkhand,Dhanbad,Govindpur,Behichiya,Tailoring & Garment Services,Stitching Job,INR/Job,2024-03-01,2024,3,Summer,1,91.04,100.28,297.88,439.3,298.86,281.16,274.77,386.7,397.9,4.43,Downward,Promotional Discounting
Jharkhand,Dhanbad,Govindpur,Behichiya,Tailoring & Garment Services,Stitching Job,INR/Job,2024-04-01,2024,4,Summer,0,92.62,99.53,298.86,386.7,290.09,277.86,279.1,427.5,397.3,3.58,Downward,Promotional Discounting
Jharkhand,Dhanbad,Govindpur,Behichiya,Tailoring & Garment Services,Stitching Job,INR/Job,2024-05-01,2024,5,Summer,0,93.1,99.85,290.09,427.5,281.16,280.22,279.66,397.9,442.8,3.92,Downward,Promotional Discounting
Jharkhand,Dhanbad,Govindpur,Behichiya,Tailoring & Garment Services,Stitching Job,INR/Job,2024-06-01,2024,6,Monsoon,0,95.72,101.49,281.16,397.9,277.86,274.77,288.04,397.3,379.7,7.23,Downward,Promotional Discounting
Jharkhand,Dhanbad,Govindpur,Behichiya,Tailoring & Garment Services,Stitching Job,INR/Job,2024-07-01,2024,7,Monsoon,0,95.28,101.32,277.86,397.3,280.22,279.1,298.57,442.8,410.7,5.17,Stable,Competitive Market Rate
Jharkhand,Dhanbad,Govindpur,Behichiya,Tailoring & Garment Services,Stitching Job,INR/Job,2024-08-01,2024,8,Monsoon,1,95.52,102.72,280.22,442.8,274.77,279.66,299.31,379.7,389.2,1.39,Stable,Competitive Market Rate
Jharkhand,Dhanbad,Govindpur,Behichiya,Tailoring & Garment Services,Stitching Job,INR/Job,2024-09-01,2024,9,Monsoon,0,94.29,104.03,274.77,379.7,279.1,288.04,304.3,410.7,377.4,2.23,Upward,Competitive Market Rate
Jharkhand,Dhanbad,Govindpur,Behichiya,Repair & Maintenance,Service Job,INR/Service,2024-01-01,2024,1,Winter,0,91.2,99.71,220.18,347.4,225.83,224.47,216.05,302.6,336.5,0.0,Stable,Competitive Market Rate
Jharkhand,Dhanbad,Govindpur,Behichiya,Repair & Maintenance,Service Job,INR/Service,2024-02-01,2024,2,Winter,0,90.6,99.6,225.83,302.6,233.8,224.43,219.14,397.5,334.3,2.83,Stable,Competitive Market Rate
Jharkhand,Dhanbad,Govindpur,Behichiya,Repair & Maintenance,Service Job,INR/Service,2024-03-01,2024,3,Summer,1,88.74,99.54,233.8,397.5,224.47,218.54,214.86,336.5,322.3,5.59,Downward,Promotional Discounting
Jharkhand,Dhanbad,Govindpur,Behichiya,Repair & Maintenance,Service Job,INR/Service,2024-04-01,2024,4,Summer,0,88.22,100.63,224.47,336.5,224.43,216.05,217.53,334.3,354.8,4.11,Downward,Promotional Discounting
Jharkhand,Dhanbad,Govindpur,Behichiya,Repair & Maintenance,Service Job,INR/Service,2024-05-01,2024,5,Summer,0,90.02,100.71,224.43,334.3,218.54,219.14,218.13,322.3,377.2,4.41,Downward,Promotional Discounting
Jharkhand,Dhanbad,Govindpur,Behichiya,Repair & Maintenance,Service Job,INR/Service,2024-06-01,2024,6,Monsoon,0,91.04,101.81,218.54,322.3,216.05,214.86,221.14,354.8,288.1,2.78,Stable,Competitive Market Rate
Jharkhand,Dhanbad,Govindpur,Behichiya,Repair & Maintenance,Service Job,INR/Service,2024-07-01,2024,7,Monsoon,0,90.62,101.69,216.05,354.8,219.14,217.53,227.95,377.2,305.1,3.51,Stable,Competitive Market Rate
Jharkhand,Dhanbad,Govindpur,Behichiya,Repair & Maintenance,Service Job,INR/Service,2024-08-01,2024,8,Monsoon,1,90.21,101.81,219.14,377.2,214.86,218.13,232.73,288.1,315.1,1.34,Stable,Promotional Discounting
Jharkhand,Dhanbad,Govindpur,Behichiya,Repair & Maintenance,Service Job,INR/Service,2024-09-01,2024,9,Monsoon,0,89.82,98.81,214.86,288.1,217.53,221.14,239.18,305.1,351.4,1.81,Upward,Competitive Market Rate
Jharkhand,Dhanbad,Govindpur,Behichiya,Digital / CSC / Online Services,Banking/Aadhaar,INR/Transaction,2024-01-01,2024,1,Winter,0,91.26,99.1,56.97,136.7,58.41,58.43,54.6,126.7,125.0,0.0,Upward,Gradual Price Hike
Jharkhand,Dhanbad,Govindpur,Behichiya,Digital / CSC / Online Services,Banking/Aadhaar,INR/Transaction,2024-02-01,2024,2,Winter,0,91.94,99.35,58.41,126.7,60.23,57.22,55.2,148.2,145.5,0.72,Downward,Promotional Discounting
Jharkhand,Dhanbad,Govindpur,Behichiya,Digital / CSC / Online Services,Banking/Aadhaar,INR/Transaction,2024-03-01,2024,3,Summer,1,92.81,98.3,60.23,148.2,58.43,56.59,52.98,125.0,134.8,1.33,Downward,Promotional Discounting
Jharkhand,Dhanbad,Govindpur,Behichiya,Digital / CSC / Online Services,Banking/Aadhaar,INR/Transaction,2024-04-01,2024,4,Summer,0,93.57,99.94,58.43,125.0,57.22,54.6,53.21,145.5,135.1,0.85,Downward,Promotional Discounting
Jharkhand,Dhanbad,Govindpur,Behichiya,Digital / CSC / Online Services,Banking/Aadhaar,INR/Transaction,2024-05-01,2024,5,Summer,0,95.12,102.24,57.22,145.5,56.59,55.2,54.15,134.8,157.0,1.24,Downward,Promotional Discounting
Jharkhand,Dhanbad,Govindpur,Behichiya,Digital / CSC / Online Services,Banking/Aadhaar,INR/Transaction,2024-06-01,2024,6,Monsoon,0,94.8,98.86,56.59,134.8,54.6,52.98,56.22,135.1,140.6,0.77,Downward,Promotional Discounting
Jharkhand,Dhanbad,Govindpur,Behichiya,Digital / CSC / Online Services,Banking/Aadhaar,INR/Transaction,2024-07-01,2024,7,Monsoon,0,94.95,97.84,54.6,135.1,55.2,53.21,56.9,157.0,146.8,1.12,Downward,Promotional Discounting
Jharkhand,Dhanbad,Govindpur,Behichiya,Digital / CSC / Online Services,Banking/Aadhaar,INR/Transaction,2024-08-01,2024,8,Monsoon,1,93.71,97.93,55.2,157.0,52.98,54.15,57.79,140.6,137.1,0.83,Stable,Competitive Market Rate
Jharkhand,Dhanbad,Govindpur,Behichiya,Digital / CSC / Online Services,Banking/Aadhaar,INR/Transaction,2024-09-01,2024,9,Monsoon,0,92.18,99.62,52.98,140.6,53.21,56.22,57.89,146.8,131.5,0.93,Upward,Competitive Market Rate
Jharkhand,Dhanbad,Govindpur,Behichiya,Handicrafts / Artisan Products,Handcrafted Decor,INR/Piece,2024-01-01,2024,1,Winter,0,89.98,98.96,333.7,391.0,336.27,335.46,315.46,395.4,378.1,0.0,Stable,Competitive Market Rate
Jharkhand,Dhanbad,Govindpur,Behichiya,Handicrafts / Artisan Products,Handcrafted Decor,INR/Piece,2024-02-01,2024,2,Winter,0,90.64,97.88,336.27,395.4,345.37,328.35,321.35,437.8,377.3,1.28,Downward,Promotional Discounting
Jharkhand,Dhanbad,Govindpur,Behichiya,Handicrafts / Artisan Products,Handcrafted Decor,INR/Piece,2024-03-01,2024,3,Summer,1,90.91,99.23,345.37,437.8,335.46,319.25,315.94,378.1,385.2,5.01,Downward,Promotional Discounting
Jharkhand,Dhanbad,Govindpur,Behichiya,Handicrafts / Artisan Products,Handcrafted Decor,INR/Piece,2024-04-01,2024,4,Summer,0,92.55,98.78,335.46,378.1,328.35,315.46,311.89,377.3,367.6,4.49,Downward,Promotional Discounting
Jharkhand,Dhanbad,Govindpur,Behichiya,Handicrafts / Artisan Products,Handcrafted Decor,INR/Piece,2024-05-01,2024,5,Summer,0,92.7,100.65,328.35,377.3,319.25,321.35,317.03,385.2,470.7,6.98,Downward,Promotional Discounting
Jharkhand,Dhanbad,Govindpur,Behichiya,Handicrafts / Artisan Products,Handcrafted Decor,INR/Piece,2024-06-01,2024,6,Monsoon,0,92.18,99.64,319.25,385.2,315.46,315.94,328.82,367.6,358.4,6.63,Stable,Competitive Market Rate
Jharkhand,Dhanbad,Govindpur,Behichiya,Handicrafts / Artisan Products,Handcrafted Decor,INR/Piece,2024-07-01,2024,7,Monsoon,0,92.33,100.06,315.46,367.6,321.35,311.89,334.23,470.7,408.7,5.41,Stable,Competitive Market Rate
Jharkhand,Dhanbad,Govindpur,Behichiya,Handicrafts / Artisan Products,Handcrafted Decor,INR/Piece,2024-08-01,2024,8,Monsoon,1,92.98,98.81,321.35,470.7,315.94,317.03,337.06,358.4,383.8,2.44,Stable,Promotional Discounting
Jharkhand,Dhanbad,Govindpur,Behichiya,Handicrafts / Artisan Products,Handcrafted Decor,INR/Piece,2024-09-01,2024,9,Monsoon,0,93.04,102.03,315.94,358.4,311.89,328.82,342.43,408.7,363.9,2.67,Upward,Competitive Market Rate
Jharkhand,Ranchi,Kanke,Kokdoro,Dairy & Livestock,Raw Cow Milk,INR/Litre,2024-01-01,2024,1,Winter,0,88.59,98.18,43.51,282.6,42.88,43.51,41.25,266.2,261.1,0.0,Stable,Competitive Market Rate
Jharkhand,Ranchi,Kanke,Kokdoro,Dairy & Livestock,Raw Cow Milk,INR/Litre,2024-02-01,2024,2,Winter,0,87.11,97.38,42.88,266.2,45.14,42.85,41.11,274.4,252.5,0.31,Stable,Competitive Market Rate
Jharkhand,Ranchi,Kanke,Kokdoro,Dairy & Livestock,Raw Cow Milk,INR/Litre,2024-03-01,2024,3,Summer,1,87.95,95.27,45.14,274.4,43.51,41.15,39.15,261.1,241.7,0.95,Downward,Promotional Discounting
Jharkhand,Ranchi,Kanke,Kokdoro,Dairy & Livestock,Raw Cow Milk,INR/Litre,2024-04-01,2024,4,Summer,0,90.28,95.38,43.51,261.1,42.85,41.25,39.52,252.5,281.4,0.95,Downward,Promotional Discounting
Jharkhand,Ranchi,Kanke,Kokdoro,Dairy & Livestock,Raw Cow Milk,INR/Litre,2024-05-01,2024,5,Summer,0,89.97,96.55,42.85,252.5,41.15,41.11,40.28,241.7,299.7,0.96,Downward,Promotional Discounting
Jharkhand,Ranchi,Kanke,Kokdoro,Dairy & Livestock,Raw Cow Milk,INR/Litre,2024-06-01,2024,6,Monsoon,0,92.04,96.66,41.15,241.7,41.25,39.15,40.97,281.4,279.5,0.99,Downward,Promotional Discounting
Jharkhand,Ranchi,Kanke,Kokdoro,Dairy & Livestock,Raw Cow Milk,INR/Litre,2024-07-01,2024,7,Monsoon,0,92.16,98.5,41.25,281.4,41.11,39.52,41.79,299.7,261.7,0.78,Downward,Promotional Discounting
Jharkhand,Ranchi,Kanke,Kokdoro,Dairy & Livestock,Raw Cow Milk,INR/Litre,2024-08-01,2024,8,Monsoon,1,91.34,97.38,41.11,299.7,39.15,40.28,43.03,279.5,266.6,0.06,Downward,Promotional Discounting
Jharkhand,Ranchi,Kanke,Kokdoro,Dairy & Livestock,Raw Cow Milk,INR/Litre,2024-09-01,2024,9,Monsoon,0,90.15,97.71,39.15,279.5,39.52,40.97,43.78,261.7,267.9,0.96,Upward,Gradual Price Hike
Jharkhand,Ranchi,Kanke,Kokdoro,Poultry & Egg Production,Broiler Live Bird,INR/Kg,2024-01-01,2024,1,Winter,0,88.72,101.83,111.79,226.2,114.26,115.52,109.78,194.8,226.9,0.0,Upward,Gradual Price Hike
Jharkhand,Ranchi,Kanke,Kokdoro,Poultry & Egg Production,Broiler Live Bird,INR/Kg,2024-02-01,2024,2,Winter,0,88.36,101.51,114.26,194.8,118.78,114.01,109.36,275.6,217.7,1.23,Stable,Competitive Market Rate
Jharkhand,Ranchi,Kanke,Kokdoro,Poultry & Egg Production,Broiler Live Bird,INR/Kg,2024-03-01,2024,3,Summer,1,87.62,103.74,118.78,275.6,115.52,112.73,107.09,226.9,216.6,2.89,Downward,Promotional Discounting
Jharkhand,Ranchi,Kanke,Kokdoro,Poultry & Egg Production,Broiler Live Bird,INR/Kg,2024-04-01,2024,4,Summer,0,87.4,103.97,115.52,226.9,114.01,109.78,108.5,217.7,225.7,1.9,Downward,Promotional Discounting
Jharkhand,Ranchi,Kanke,Kokdoro,Poultry & Egg Production,Broiler Live Bird,INR/Kg,2024-05-01,2024,5,Summer,0,87.47,103.46,114.01,217.7,112.73,109.36,109.59,216.6,266.5,1.99,Downward,Promotional Discounting
Jharkhand,Ranchi,Kanke,Kokdoro,Poultry & Egg Production,Broiler Live Bird,INR/Kg,2024-06-01,2024,6,Monsoon,0,88.1,102.54,112.73,216.6,109.78,107.09,113.02,225.7,215.9,1.14,Downward,Promotional Discounting
Jharkhand,Ranchi,Kanke,Kokdoro,Poultry & Egg Production,Broiler Live Bird,INR/Kg,2024-07-01,2024,7,Monsoon,0,88.02,102.09,109.78,225.7,109.36,108.5,114.03,266.5,213.2,1.77,Stable,Competitive Market Rate
Jharkhand,Ranchi,Kanke,Kokdoro,Poultry & Egg Production,Broiler Live Bird,INR/Kg,2024-08-01,2024,8,Monsoon,1,88.6,101.51,109.36,266.5,107.09,109.59,117.26,215.9,222.2,1.5,Stable,Promotional Discounting
Jharkhand,Ranchi,Kanke,Kokdoro,Poultry & Egg Production,Broiler Live Bird,INR/Kg,2024-09-01,2024,9,Monsoon,0,88.68,101.76,107.09,215.9,108.5,113.02,118.57,213.2,224.8,1.18,Upward,Gradual Price Hike
Jharkhand,Ranchi,Kanke,Kokdoro,Fisheries / Aquaculture,Freshwater Rohu Fish,INR/Kg,2024-01-01,2024,1,Winter,0,90.34,100.09,170.3,401.5,174.51,177.16,165.83,421.8,392.7,0.0,Upward,Competitive Market Rate
Jharkhand,Ranchi,Kanke,Kokdoro,Fisheries / Aquaculture,Freshwater Rohu Fish,INR/Kg,2024-02-01,2024,2,Winter,0,90.59,100.23,174.51,421.8,178.35,174.33,169.05,435.2,417.4,2.11,Stable,Competitive Market Rate
Jharkhand,Ranchi,Kanke,Kokdoro,Fisheries / Aquaculture,Freshwater Rohu Fish,INR/Kg,2024-03-01,2024,3,Summer,1,91.96,102.81,178.35,435.2,177.16,169.62,163.69,392.7,402.9,3.29,Downward,Promotional Discounting
Jharkhand,Ranchi,Kanke,Kokdoro,Fisheries / Aquaculture,Freshwater Rohu Fish,INR/Kg,2024-04-01,2024,4,Summer,0,90.62,102.47,177.16,392.7,174.33,165.83,162.93,417.4,409.8,1.6,Downward,Promotional Discounting
Jharkhand,Ranchi,Kanke,Kokdoro,Fisheries / Aquaculture,Freshwater Rohu Fish,INR/Kg,2024-05-01,2024,5,Summer,0,88.7,102.6,174.33,417.4,169.62,169.05,163.97,402.9,451.8,1.69,Downward,Promotional Discounting
Jharkhand,Ranchi,Kanke,Kokdoro,Fisheries / Aquaculture,Freshwater Rohu Fish,INR/Kg,2024-06-01,2024,6,Monsoon,0,88.21,102.96,169.62,402.9,165.83,163.69,168.83,409.8,389.3,3.11,Downward,Promotional Discounting
Jharkhand,Ranchi,Kanke,Kokdoro,Fisheries / Aquaculture,Freshwater Rohu Fish,INR/Kg,2024-07-01,2024,7,Monsoon,0,88.1,102.27,165.83,409.8,169.05,162.93,176.39,451.8,412.2,3.48,Stable,Competitive Market Rate
Jharkhand,Ranchi,Kanke,Kokdoro,Fisheries / Aquaculture,Freshwater Rohu Fish,INR/Kg,2024-08-01,2024,8,Monsoon,1,89.21,101.07,169.05,451.8,163.69,163.97,173.2,389.3,453.8,1.67,Downward,Promotional Discounting
Jharkhand,Ranchi,Kanke,Kokdoro,Fisheries / Aquaculture,Freshwater Rohu Fish,INR/Kg,2024-09-01,2024,9,Monsoon,0,90.9,103.02,163.69,389.3,162.93,168.83,180.08,412.2,406.3,2.2,Upward,Competitive Market Rate
Jharkhand,Ranchi,Kanke,Kokdoro,Agri-input & Farm Supply,Hybrid Paddy/Wheat Seed & Fert,INR/50Kg Bag,2024-01-01,2024,1,Winter,0,91.03,100.88,1484.76,183.8,1501.07,1478.04,1388.71,169.7,175.4,0.0,Stable,Competitive Market Rate
Jharkhand,Ranchi,Kanke,Kokdoro,Agri-input & Farm Supply,Hybrid Paddy/Wheat Seed & Fert,INR/50Kg Bag,2024-02-01,2024,2,Winter,0,90.33,102.74,1501.07,169.7,1500.74,1478.7,1404.47,216.9,182.6,8.15,Stable,Competitive Market Rate
Jharkhand,Ranchi,Kanke,Kokdoro,Agri-input & Farm Supply,Hybrid Paddy/Wheat Seed & Fert,INR/50Kg Bag,2024-03-01,2024,3,Summer,1,90.13,102.77,1500.74,216.9,1478.04,1435.34,1387.13,175.4,199.2,7.61,Downward,Promotional Discounting
Jharkhand,Ranchi,Kanke,Kokdoro,Agri-input & Farm Supply,Hybrid Paddy/Wheat Seed & Fert,INR/50Kg Bag,2024-04-01,2024,4,Summer,0,90.47,103.23,1478.04,175.4,1478.7,1388.71,1378.56,182.6,190.4,10.78,Downward,Promotional Discounting
Jharkhand,Ranchi,Kanke,Kokdoro,Agri-input & Farm Supply,Hybrid Paddy/Wheat Seed & Fert,INR/50Kg Bag,2024-05-01,2024,5,Summer,0,90.17,105.79,1478.7,182.6,1435.34,1404.47,1384.61,199.2,210.7,10.55,Downward,Promotional Discounting
Jharkhand,Ranchi,Kanke,Kokdoro,Agri-input & Farm Supply,Hybrid Paddy/Wheat Seed & Fert,INR/50Kg Bag,2024-06-01,2024,6,Monsoon,0,92.1,106.15,1435.34,199.2,1388.71,1387.13,1401.57,190.4,186.7,20.29,Downward,Promotional Discounting
Jharkhand,Ranchi,Kanke,Kokdoro,Agri-input & Farm Supply,Hybrid Paddy/Wheat Seed & Fert,INR/50Kg Bag,2024-07-01,2024,7,Monsoon,0,92.69,110.05,1388.71,190.4,1404.47,1378.56,1472.95,210.7,192.2,36.74,Stable,Competitive Market Rate
Jharkhand,Ranchi,Kanke,Kokdoro,Agri-input & Farm Supply,Hybrid Paddy/Wheat Seed & Fert,INR/50Kg Bag,2024-08-01,2024,8,Monsoon,1,93.57,110.9,1404.47,210.7,1387.13,1384.61,1459.21,186.7,174.8,19.37,Stable,Competitive Market Rate
Jharkhand,Ranchi,Kanke,Kokdoro,Agri-input & Farm Supply,Hybrid Paddy/Wheat Seed & Fert,INR/50Kg Bag,2024-09-01,2024,9,Monsoon,0,94.37,108.26,1387.13,186.7,1378.56,1401.57,1501.28,192.2,163.8,7.83,Stable,Competitive Market Rate
Jharkhand,Ranchi,Kanke,Kokdoro,Food Processing,Mustard Oil,INR/Litre,2024-01-01,2024,1,Winter,0,90.15,101.2,147.83,413.3,150.31,148.94,137.12,421.3,464.0,0.0,Stable,Competitive Market Rate
Jharkhand,Ranchi,Kanke,Kokdoro,Food Processing,Mustard Oil,INR/Litre,2024-02-01,2024,2,Winter,0,89.33,100.55,150.31,421.3,152.2,144.78,139.05,463.4,413.0,1.24,Downward,Promotional Discounting
Jharkhand,Ranchi,Kanke,Kokdoro,Food Processing,Mustard Oil,INR/Litre,2024-03-01,2024,3,Summer,1,91.56,99.22,152.2,463.4,148.94,142.76,134.6,464.0,471.7,1.79,Downward,Promotional Discounting
Jharkhand,Ranchi,Kanke,Kokdoro,Food Processing,Mustard Oil,INR/Litre,2024-04-01,2024,4,Summer,0,93.82,97.96,148.94,464.0,144.78,137.12,137.11,413.0,422.4,1.34,Downward,Promotional Discounting
Jharkhand,Ranchi,Kanke,Kokdoro,Food Processing,Mustard Oil,INR/Litre,2024-05-01,2024,5,Summer,0,95.78,97.76,144.78,413.0,142.76,139.05,135.65,471.7,492.2,3.04,Downward,Promotional Discounting
Jharkhand,Ranchi,Kanke,Kokdoro,Food Processing,Mustard Oil,INR/Litre,2024-06-01,2024,6,Monsoon,0,96.93,98.48,142.76,471.7,137.12,134.6,143.1,422.4,403.9,2.57,Downward,Promotional Discounting
Jharkhand,Ranchi,Kanke,Kokdoro,Food Processing,Mustard Oil,INR/Litre,2024-07-01,2024,7,Monsoon,0,96.18,96.43,137.12,422.4,139.05,137.11,144.96,492.2,454.1,3.24,Stable,Competitive Market Rate
Jharkhand,Ranchi,Kanke,Kokdoro,Food Processing,Mustard Oil,INR/Litre,2024-08-01,2024,8,Monsoon,1,97.17,96.71,139.05,492.2,134.6,135.65,145.37,403.9,480.5,2.34,Downward,Promotional Discounting
Jharkhand,Ranchi,Kanke,Kokdoro,Food Processing,Mustard Oil,INR/Litre,2024-09-01,2024,9,Monsoon,0,97.16,97.58,134.6,403.9,137.11,143.1,151.66,454.1,422.9,1.82,Upward,Competitive Market Rate
Jharkhand,Ranchi,Kanke,Kokdoro,Retail / Kirana,Grocery Essentials,INR/Order,2024-01-01,2024,1,Winter,0,91.1,98.12,483.22,333.8,479.13,483.19,451.25,293.0,307.2,0.0,Stable,Competitive Market Rate
Jharkhand,Ranchi,Kanke,Kokdoro,Retail / Kirana,Grocery Essentials,INR/Order,2024-02-01,2024,2,Winter,0,90.13,98.56,479.13,293.0,494.0,472.85,459.2,326.0,287.2,2.04,Stable,Competitive Market Rate
Jharkhand,Ranchi,Kanke,Kokdoro,Retail / Kirana,Grocery Essentials,INR/Order,2024-03-01,2024,3,Summer,1,91.92,96.52,494.0,326.0,483.19,468.24,455.4,307.2,305.2,6.27,Downward,Promotional Discounting
Jharkhand,Ranchi,Kanke,Kokdoro,Retail / Kirana,Grocery Essentials,INR/Order,2024-04-01,2024,4,Summer,0,91.6,97.22,483.19,307.2,472.85,451.25,447.5,287.2,273.0,6.27,Downward,Promotional Discounting
Jharkhand,Ranchi,Kanke,Kokdoro,Retail / Kirana,Grocery Essentials,INR/Order,2024-05-01,2024,5,Summer,0,91.57,97.17,472.85,287.2,468.24,459.2,452.61,305.2,391.0,8.63,Downward,Promotional Discounting
Jharkhand,Ranchi,Kanke,Kokdoro,Retail / Kirana,Grocery Essentials,INR/Order,2024-06-01,2024,6,Monsoon,0,90.68,94.75,468.24,305.2,451.25,455.4,470.26,273.0,309.9,6.25,Downward,Promotional Discounting
Jharkhand,Ranchi,Kanke,Kokdoro,Retail / Kirana,Grocery Essentials,INR/Order,2024-07-01,2024,7,Monsoon,0,87.77,96.49,451.25,273.0,459.2,447.5,475.68,391.0,326.5,9.29,Stable,Competitive Market Rate
Jharkhand,Ranchi,Kanke,Kokdoro,Retail / Kirana,Grocery Essentials,INR/Order,2024-08-01,2024,8,Monsoon,1,88.83,95.39,459.2,391.0,455.4,452.61,479.01,309.9,322.5,6.94,Stable,Promotional Discounting
Jharkhand,Ranchi,Kanke,Kokdoro,Retail / Kirana,Grocery Essentials,INR/Order,2024-09-01,2024,9,Monsoon,0,89.71,94.18,455.4,309.9,447.5,470.26,493.98,326.5,332.3,3.25,Upward,Competitive Market Rate
Jharkhand,Ranchi,Kanke,Kokdoro,Tailoring & Garment Services,Stitching Job,INR/Job,2024-01-01,2024,1,Winter,0,90.1,99.71,296.86,457.9,299.3,297.32,285.44,400.6,461.9,0.0,Stable,Competitive Market Rate
Jharkhand,Ranchi,Kanke,Kokdoro,Tailoring & Garment Services,Stitching Job,INR/Job,2024-02-01,2024,2,Winter,0,91.16,97.88,299.3,400.6,302.76,299.04,280.6,478.4,396.4,1.22,Stable,Competitive Market Rate
Jharkhand,Ranchi,Kanke,Kokdoro,Tailoring & Garment Services,Stitching Job,INR/Job,2024-03-01,2024,3,Summer,1,89.99,98.06,302.76,478.4,297.32,285.59,272.84,461.9,427.7,2.42,Downward,Promotional Discounting
Jharkhand,Ranchi,Kanke,Kokdoro,Tailoring & Garment Services,Stitching Job,INR/Job,2024-04-01,2024,4,Summer,0,89.98,99.53,297.32,461.9,299.04,285.44,273.7,396.4,427.4,2.25,Downward,Promotional Discounting
Jharkhand,Ranchi,Kanke,Kokdoro,Tailoring & Garment Services,Stitching Job,INR/Job,2024-05-01,2024,5,Summer,0,91.23,100.52,299.04,396.4,285.59,280.6,282.91,427.7,491.4,2.27,Downward,Promotional Discounting
Jharkhand,Ranchi,Kanke,Kokdoro,Tailoring & Garment Services,Stitching Job,INR/Job,2024-06-01,2024,6,Monsoon,0,91.84,101.77,285.59,427.7,285.44,272.84,280.68,427.4,446.4,5.98,Downward,Promotional Discounting
Jharkhand,Ranchi,Kanke,Kokdoro,Tailoring & Garment Services,Stitching Job,INR/Job,2024-07-01,2024,7,Monsoon,0,93.41,101.13,285.44,427.4,280.6,273.7,289.17,491.4,422.3,6.38,Downward,Promotional Discounting
Jharkhand,Ranchi,Kanke,Kokdoro,Tailoring & Garment Services,Stitching Job,INR/Job,2024-08-01,2024,8,Monsoon,1,92.73,100.73,280.6,491.4,272.84,282.91,294.92,446.4,411.4,2.32,Stable,Competitive Market Rate
Jharkhand,Ranchi,Kanke,Kokdoro,Tailoring & Garment Services,Stitching Job,INR/Job,2024-09-01,2024,9,Monsoon,0,90.53,101.45,272.84,446.4,273.7,280.68,300.71,422.3,431.0,5.19,Upward,Gradual Price Hike
Jharkhand,Ranchi,Kanke,Kokdoro,Repair & Maintenance,Service Job,INR/Service,2024-01-01,2024,1,Winter,0,89.71,101.78,224.12,298.1,227.48,227.98,217.93,283.0,290.2,0.0,Stable,Competitive Market Rate
Jharkhand,Ranchi,Kanke,Kokdoro,Repair & Maintenance,Service Job,INR/Service,2024-02-01,2024,2,Winter,0,89.27,101.08,227.48,283.0,231.26,228.16,219.8,322.8,312.6,1.68,Stable,Competitive Market Rate
Jharkhand,Ranchi,Kanke,Kokdoro,Repair & Maintenance,Service Job,INR/Service,2024-03-01,2024,3,Summer,1,88.8,101.39,231.26,322.8,227.98,222.8,214.23,290.2,283.6,2.92,Downward,Promotional Discounting
Jharkhand,Ranchi,Kanke,Kokdoro,Repair & Maintenance,Service Job,INR/Service,2024-04-01,2024,4,Summer,0,87.7,101.81,227.98,290.2,228.16,217.93,213.19,312.6,276.5,1.68,Downward,Promotional Discounting
Jharkhand,Ranchi,Kanke,Kokdoro,Repair & Maintenance,Service Job,INR/Service,2024-05-01,2024,5,Summer,0,89.63,101.42,228.16,312.6,222.8,219.8,221.89,283.6,318.5,1.5,Downward,Promotional Discounting
Jharkhand,Ranchi,Kanke,Kokdoro,Repair & Maintenance,Service Job,INR/Service,2024-06-01,2024,6,Monsoon,0,89.25,102.3,222.8,283.6,217.93,214.23,219.1,276.5,301.9,2.49,Downward,Promotional Discounting
Jharkhand,Ranchi,Kanke,Kokdoro,Repair & Maintenance,Service Job,INR/Service,2024-07-01,2024,7,Monsoon,0,90.71,101.59,217.93,276.5,219.8,213.19,231.37,318.5,299.9,4.18,Downward,Promotional Discounting
Jharkhand,Ranchi,Kanke,Kokdoro,Repair & Maintenance,Service Job,INR/Service,2024-08-01,2024,8,Monsoon,1,92.53,102.9,219.8,318.5,214.23,221.89,229.92,301.9,277.8,2.01,Stable,Competitive Market Rate
Jharkhand,Ranchi,Kanke,Kokdoro,Repair & Maintenance,Service Job,INR/Service,2024-09-01,2024,9,Monsoon,0,93.73,100.88,214.23,301.9,213.19,219.1,239.9,299.9,272.4,2.32,Upward,Gradual Price Hike
Jharkhand,Ranchi,Kanke,Kokdoro,Digital / CSC / Online Services,Banking/Aadhaar,INR/Transaction,2024-01-01,2024,1,Winter,0,87.74,100.05,59.09,136.0,59.0,59.51,57.63,137.2,132.2,0.0,Stable,Competitive Market Rate
Jharkhand,Ranchi,Kanke,Kokdoro,Digital / CSC / Online Services,Banking/Aadhaar,INR/Transaction,2024-02-01,2024,2,Winter,0,87.38,100.58,59.0,137.2,61.5,58.43,57.87,153.6,117.0,0.04,Stable,Competitive Market Rate
Jharkhand,Ranchi,Kanke,Kokdoro,Digital / CSC / Online Services,Banking/Aadhaar,INR/Transaction,2024-03-01,2024,3,Summer,1,85.45,102.32,61.5,153.6,59.51,58.53,56.58,132.2,139.4,1.16,Downward,Promotional Discounting
Jharkhand,Ranchi,Kanke,Kokdoro,Digital / CSC / Online Services,Banking/Aadhaar,INR/Transaction,2024-04-01,2024,4,Summer,0,86.39,102.72,59.51,132.2,58.43,57.63,56.95,117.0,132.5,1.08,Downward,Promotional Discounting
Jharkhand,Ranchi,Kanke,Kokdoro,Digital / CSC / Online Services,Banking/Aadhaar,INR/Transaction,2024-05-01,2024,5,Summer,0,87.65,103.68,58.43,117.0,58.53,57.87,58.34,139.4,146.4,1.27,Stable,Competitive Market Rate
Jharkhand,Ranchi,Kanke,Kokdoro,Digital / CSC / Online Services,Banking/Aadhaar,INR/Transaction,2024-06-01,2024,6,Monsoon,0,86.61,104.66,58.53,139.4,57.63,56.58,60.07,132.5,136.7,0.49,Downward,Promotional Discounting
Jharkhand,Ranchi,Kanke,Kokdoro,Digital / CSC / Online Services,Banking/Aadhaar,INR/Transaction,2024-07-01,2024,7,Monsoon,0,87.13,108.69,57.63,132.5,57.87,56.95,61.28,146.4,138.5,0.4,Stable,Competitive Market Rate
Jharkhand,Ranchi,Kanke,Kokdoro,Digital / CSC / Online Services,Banking/Aadhaar,INR/Transaction,2024-08-01,2024,8,Monsoon,1,88.21,105.98,57.87,146.4,56.58,58.34,62.12,136.7,134.4,0.38,Stable,Competitive Market Rate
Jharkhand,Ranchi,Kanke,Kokdoro,Digital / CSC / Online Services,Banking/Aadhaar,INR/Transaction,2024-09-01,2024,9,Monsoon,0,89.29,104.95,56.58,136.7,56.95,60.07,63.05,138.5,127.1,0.56,Upward,Competitive Market Rate
Jharkhand,Ranchi,Kanke,Kokdoro,Handicrafts / Artisan Products,Handcrafted Decor,INR/Piece,2024-01-01,2024,1,Winter,0,87.75,97.62,347.16,53.6,347.43,355.64,329.78,47.4,50.6,0.0,Upward,Gradual Price Hike
Jharkhand,Ranchi,Kanke,Kokdoro,Handicrafts / Artisan Products,Handcrafted Decor,INR/Piece,2024-02-01,2024,2,Winter,0,87.89,98.02,347.43,47.4,355.44,344.48,331.77,56.8,53.2,0.13,Stable,Competitive Market Rate
Jharkhand,Ranchi,Kanke,Kokdoro,Handicrafts / Artisan Products,Handcrafted Decor,INR/Piece,2024-03-01,2024,3,Summer,1,87.7,98.79,355.44,56.8,355.64,338.11,324.31,50.6,56.6,3.84,Downward,Promotional Discounting
Jharkhand,Ranchi,Kanke,Kokdoro,Handicrafts / Artisan Products,Handcrafted Decor,INR/Piece,2024-04-01,2024,4,Summer,0,88.5,96.42,355.64,50.6,344.48,329.78,327.32,53.2,53.2,3.83,Downward,Promotional Discounting
Jharkhand,Ranchi,Kanke,Kokdoro,Handicrafts / Artisan Products,Handcrafted Decor,INR/Piece,2024-05-01,2024,5,Summer,0,88.76,97.76,344.48,53.2,338.11,331.77,329.55,56.6,57.0,5.22,Downward,Promotional Discounting
Jharkhand,Ranchi,Kanke,Kokdoro,Handicrafts / Artisan Products,Handcrafted Decor,INR/Piece,2024-06-01,2024,6,Monsoon,0,87.85,97.03,338.11,56.6,329.78,324.31,336.52,53.2,53.0,7.25,Downward,Promotional Discounting
Jharkhand,Ranchi,Kanke,Kokdoro,Handicrafts / Artisan Products,Handcrafted Decor,INR/Piece,2024-07-01,2024,7,Monsoon,0,87.47,97.25,329.78,53.2,331.77,327.32,349.13,57.0,51.1,6.02,Stable,Competitive Market Rate
Jharkhand,Ranchi,Kanke,Kokdoro,Handicrafts / Artisan Products,Handcrafted Decor,INR/Piece,2024-08-01,2024,8,Monsoon,1,86.52,99.67,331.77,57.0,324.31,329.55,353.32,53.0,52.5,3.55,Stable,Competitive Market Rate
Jharkhand,Ranchi,Kanke,Kokdoro,Handicrafts / Artisan Products,Handcrafted Decor,INR/Piece,2024-09-01,2024,9,Monsoon,0,87.81,101.02,324.31,53.0,327.32,336.52,364.52,51.1,54.3,3.15,Upward,Gradual Price Hike
Bihar,Patna,Paliganj,Ajda Sikariya,Dairy & Livestock,Raw Cow Milk,INR/Litre,2024-01-01,2024,1,Winter,0,87.82,101.82,44.11,73.3,45.16,44.93,42.09,77.5,76.2,0.0,Stable,Competitive Market Rate
Bihar,Patna,Paliganj,Ajda Sikariya,Dairy & Livestock,Raw Cow Milk,INR/Litre,2024-02-01,2024,2,Winter,0,86.99,101.59,45.16,77.5,46.33,44.49,44.31,77.1,76.1,0.52,Stable,Competitive Market Rate
Bihar,Patna,Paliganj,Ajda Sikariya,Dairy & Livestock,Raw Cow Milk,INR/Litre,2024-03-01,2024,3,Summer,1,84.78,100.52,46.33,77.1,44.93,43.59,41.33,76.2,71.5,0.91,Downward,Promotional Discounting
Bihar,Patna,Paliganj,Ajda Sikariya,Dairy & Livestock,Raw Cow Milk,INR/Litre,2024-04-01,2024,4,Summer,0,86.19,102.19,44.93,76.2,44.49,42.09,42.88,76.1,72.9,0.61,Downward,Promotional Discounting
Bihar,Patna,Paliganj,Ajda Sikariya,Dairy & Livestock,Raw Cow Milk,INR/Litre,2024-05-01,2024,5,Summer,0,88.09,100.41,44.49,76.1,43.59,44.31,43.45,71.5,83.2,0.79,Stable,Competitive Market Rate
Bihar,Patna,Paliganj,Ajda Sikariya,Dairy & Livestock,Raw Cow Milk,INR/Litre,2024-06-01,2024,6,Monsoon,0,89.03,97.97,43.59,71.5,42.09,41.33,45.01,72.9,78.6,0.56,Downward,Promotional Discounting
Bihar,Patna,Paliganj,Ajda Sikariya,Dairy & Livestock,Raw Cow Milk,INR/Litre,2024-07-01,2024,7,Monsoon,0,87.84,99.88,42.09,72.9,44.31,42.88,44.78,83.2,79.6,0.99,Stable,Competitive Market Rate
Bihar,Patna,Paliganj,Ajda Sikariya,Dairy & Livestock,Raw Cow Milk,INR/Litre,2024-08-01,2024,8,Monsoon,1,89.62,102.72,44.31,83.2,41.33,43.45,45.81,78.6,77.6,0.93,Stable,Competitive Market Rate
Bihar,Patna,Paliganj,Ajda Sikariya,Dairy & Livestock,Raw Cow Milk,INR/Litre,2024-09-01,2024,9,Monsoon,0,89.32,102.02,41.33,78.6,42.88,45.01,47.35,79.6,70.5,1.26,Upward,Competitive Market Rate
Bihar,Patna,Paliganj,Ajda Sikariya,Poultry & Egg Production,Broiler Live Bird,INR/Kg,2024-01-01,2024,1,Winter,0,92.49,100.15,116.96,303.2,118.25,118.94,109.46,332.4,301.6,0.0,Stable,Competitive Market Rate
Bihar,Patna,Paliganj,Ajda Sikariya,Poultry & Egg Production,Broiler Live Bird,INR/Kg,2024-02-01,2024,2,Winter,0,91.39,100.61,118.25,332.4,121.89,117.6,110.3,345.7,314.0,0.64,Stable,Competitive Market Rate
Bihar,Patna,Paliganj,Ajda Sikariya,Poultry & Egg Production,Broiler Live Bird,INR/Kg,2024-03-01,2024,3,Summer,1,88.35,100.02,121.89,345.7,118.94,113.63,110.55,301.6,319.5,2.09,Downward,Promotional Discounting
Bihar,Patna,Paliganj,Ajda Sikariya,Poultry & Egg Production,Broiler Live Bird,INR/Kg,2024-04-01,2024,4,Summer,0,88.01,100.43,118.94,301.6,117.6,109.46,109.7,314.0,299.5,1.58,Downward,Promotional Discounting
Bihar,Patna,Paliganj,Ajda Sikariya,Poultry & Egg Production,Broiler Live Bird,INR/Kg,2024-05-01,2024,5,Summer,0,89.33,99.91,117.6,314.0,113.63,110.3,108.38,319.5,365.1,1.79,Downward,Promotional Discounting
Bihar,Patna,Paliganj,Ajda Sikariya,Poultry & Egg Production,Broiler Live Bird,INR/Kg,2024-06-01,2024,6,Monsoon,0,91.68,100.84,113.63,319.5,109.46,110.55,111.64,299.5,350.6,2.25,Downward,Promotional Discounting
Bihar,Patna,Paliganj,Ajda Sikariya,Poultry & Egg Production,Broiler Live Bird,INR/Kg,2024-07-01,2024,7,Monsoon,0,90.2,100.29,109.46,299.5,110.3,109.7,114.44,365.1,324.6,3.33,Stable,Competitive Market Rate
Bihar,Patna,Paliganj,Ajda Sikariya,Poultry & Egg Production,Broiler Live Bird,INR/Kg,2024-08-01,2024,8,Monsoon,1,90.8,100.85,110.3,365.1,110.55,108.38,113.84,350.6,309.8,1.8,Stable,Competitive Market Rate
Bihar,Patna,Paliganj,Ajda Sikariya,Poultry & Egg Production,Broiler Live Bird,INR/Kg,2024-09-01,2024,9,Monsoon,0,90.24,100.81,110.55,350.6,109.7,111.64,117.59,324.6,305.0,0.47,Stable,Competitive Market Rate
Bihar,Patna,Paliganj,Ajda Sikariya,Fisheries / Aquaculture,Freshwater Rohu Fish,INR/Kg,2024-01-01,2024,1,Winter,0,90.84,100.91,172.13,61.9,179.2,176.19,171.52,68.3,75.1,0.0,Upward,Competitive Market Rate
Bihar,Patna,Paliganj,Ajda Sikariya,Fisheries / Aquaculture,Freshwater Rohu Fish,INR/Kg,2024-02-01,2024,2,Winter,0,92.26,100.22,179.2,68.3,181.34,175.42,172.22,78.4,69.2,3.53,Downward,Promotional Discounting
Bihar,Patna,Paliganj,Ajda Sikariya,Fisheries / Aquaculture,Freshwater Rohu Fish,INR/Kg,2024-03-01,2024,3,Summer,1,92.96,99.89,181.34,78.4,176.19,170.3,166.69,75.1,74.3,3.93,Downward,Promotional Discounting
Bihar,Patna,Paliganj,Ajda Sikariya,Fisheries / Aquaculture,Freshwater Rohu Fish,INR/Kg,2024-04-01,2024,4,Summer,0,93.5,102.07,176.19,75.1,175.42,171.52,165.73,69.2,71.3,2.11,Downward,Promotional Discounting
Bihar,Patna,Paliganj,Ajda Sikariya,Fisheries / Aquaculture,Freshwater Rohu Fish,INR/Kg,2024-05-01,2024,5,Summer,0,92.58,102.08,175.42,69.2,170.3,172.22,171.25,74.3,80.3,2.63,Stable,Competitive Market Rate
Bihar,Patna,Paliganj,Ajda Sikariya,Fisheries / Aquaculture,Freshwater Rohu Fish,INR/Kg,2024-06-01,2024,6,Monsoon,0,92.83,101.81,170.3,74.3,171.52,166.69,171.62,71.3,75.3,2.62,Downward,Promotional Discounting
Bihar,Patna,Paliganj,Ajda Sikariya,Fisheries / Aquaculture,Freshwater Rohu Fish,INR/Kg,2024-07-01,2024,7,Monsoon,0,91.85,101.93,171.52,71.3,172.22,165.73,176.02,80.3,68.9,2.19,Downward,Promotional Discounting
Bihar,Patna,Paliganj,Ajda Sikariya,Fisheries / Aquaculture,Freshwater Rohu Fish,INR/Kg,2024-08-01,2024,8,Monsoon,1,91.82,101.69,172.22,80.3,166.69,171.25,180.69,75.3,68.7,0.79,Stable,Competitive Market Rate
Bihar,Patna,Paliganj,Ajda Sikariya,Fisheries / Aquaculture,Freshwater Rohu Fish,INR/Kg,2024-09-01,2024,9,Monsoon,0,89.85,100.62,166.69,75.3,165.73,171.62,185.23,68.9,68.1,2.46,Upward,Gradual Price Hike
Bihar,Patna,Paliganj,Ajda Sikariya,Agri-input & Farm Supply,Hybrid Paddy/Wheat Seed & Fert,INR/50Kg Bag,2024-01-01,2024,1,Winter,0,90.0,99.79,1461.66,194.4,1500.57,1520.86,1440.63,200.3,198.4,0.0,Upward,Competitive Market Rate
Bihar,Patna,Paliganj,Ajda Sikariya,Agri-input & Farm Supply,Hybrid Paddy/Wheat Seed & Fert,INR/50Kg Bag,2024-02-01,2024,2,Winter,0,89.99,100.38,1500.57,200.3,1533.67,1441.83,1461.85,247.5,219.4,19.45,Downward,Promotional Discounting
Bihar,Patna,Paliganj,Ajda Sikariya,Agri-input & Farm Supply,Hybrid Paddy/Wheat Seed & Fert,INR/50Kg Bag,2024-03-01,2024,3,Summer,1,89.6,100.22,1533.67,247.5,1520.86,1487.29,1425.61,198.4,228.1,29.43,Downward,Promotional Discounting
Bihar,Patna,Paliganj,Ajda Sikariya,Agri-input & Farm Supply,Hybrid Paddy/Wheat Seed & Fert,INR/50Kg Bag,2024-04-01,2024,4,Summer,0,89.78,100.62,1520.86,198.4,1441.83,1440.63,1446.63,219.4,212.1,13.63,Downward,Promotional Discounting
Bihar,Patna,Paliganj,Ajda Sikariya,Agri-input & Farm Supply,Hybrid Paddy/Wheat Seed & Fert,INR/50Kg Bag,2024-05-01,2024,5,Summer,0,90.77,99.75,1441.83,219.4,1487.29,1461.85,1463.01,228.1,238.2,40.61,Stable,Competitive Market Rate
Bihar,Patna,Paliganj,Ajda Sikariya,Agri-input & Farm Supply,Hybrid Paddy/Wheat Seed & Fert,INR/50Kg Bag,2024-06-01,2024,6,Monsoon,0,89.73,96.09,1487.29,228.1,1440.63,1425.61,1490.68,212.1,223.9,32.38,Downward,Promotional Discounting
Bihar,Patna,Paliganj,Ajda Sikariya,Agri-input & Farm Supply,Hybrid Paddy/Wheat Seed & Fert,INR/50Kg Bag,2024-07-01,2024,7,Monsoon,0,88.94,95.89,1440.63,212.1,1461.85,1446.63,1514.73,238.2,247.1,21.72,Stable,Competitive Market Rate
Bihar,Patna,Paliganj,Ajda Sikariya,Agri-input & Farm Supply,Hybrid Paddy/Wheat Seed & Fert,INR/50Kg Bag,2024-08-01,2024,8,Monsoon,1,88.58,98.02,1461.85,238.2,1425.61,1463.01,1543.16,223.9,210.6,19.07,Stable,Competitive Market Rate
Bihar,Patna,Paliganj,Ajda Sikariya,Agri-input & Farm Supply,Hybrid Paddy/Wheat Seed & Fert,INR/50Kg Bag,2024-09-01,2024,9,Monsoon,0,86.96,99.41,1425.61,223.9,1446.63,1490.68,1580.24,247.1,195.2,14.87,Upward,Competitive Market Rate
Bihar,Patna,Paliganj,Ajda Sikariya,Food Processing,Mustard Oil,INR/Litre,2024-01-01,2024,1,Winter,0,88.95,100.32,151.98,153.0,155.84,153.87,148.47,149.4,149.6,0.0,Stable,Competitive Market Rate
Bihar,Patna,Paliganj,Ajda Sikariya,Food Processing,Mustard Oil,INR/Litre,2024-02-01,2024,2,Winter,0,87.25,101.9,155.84,149.4,155.19,152.14,149.71,173.7,141.0,1.93,Downward,Promotional Discounting
Bihar,Patna,Paliganj,Ajda Sikariya,Food Processing,Mustard Oil,INR/Litre,2024-03-01,2024,3,Summer,1,85.16,100.82,155.19,173.7,153.87,153.5,146.47,149.6,148.9,1.69,Stable,Competitive Market Rate
Bihar,Patna,Paliganj,Ajda Sikariya,Food Processing,Mustard Oil,INR/Litre,2024-04-01,2024,4,Summer,0,85.3,101.0,153.87,149.6,152.14,148.47,149.53,141.0,157.1,0.82,Downward,Promotional Discounting
Bihar,Patna,Paliganj,Ajda Sikariya,Food Processing,Mustard Oil,INR/Litre,2024-05-01,2024,5,Summer,0,83.47,103.32,152.14,141.0,153.5,149.71,149.56,148.9,191.9,1.25,Stable,Competitive Market Rate
Bihar,Patna,Paliganj,Ajda Sikariya,Food Processing,Mustard Oil,INR/Litre,2024-06-01,2024,6,Monsoon,0,82.11,102.97,153.5,148.9,148.47,146.47,155.98,157.1,157.0,0.74,Downward,Promotional Discounting
Bihar,Patna,Paliganj,Ajda Sikariya,Food Processing,Mustard Oil,INR/Litre,2024-07-01,2024,7,Monsoon,0,81.85,103.25,148.47,157.1,149.71,149.53,159.07,191.9,165.2,2.13,Stable,Competitive Market Rate
Bihar,Patna,Paliganj,Ajda Sikariya,Food Processing,Mustard Oil,INR/Litre,2024-08-01,2024,8,Monsoon,1,78.68,104.73,149.71,191.9,146.47,149.56,162.37,157.0,149.7,2.14,Stable,Promotional Discounting
Bihar,Patna,Paliganj,Ajda Sikariya,Food Processing,Mustard Oil,INR/Litre,2024-09-01,2024,9,Monsoon,0,79.62,103.61,146.47,157.0,149.53,155.98,164.54,165.2,156.5,1.34,Upward,Competitive Market Rate
Bihar,Patna,Paliganj,Ajda Sikariya,Retail / Kirana,Grocery Essentials,INR/Order,2024-01-01,2024,1,Winter,0,88.07,100.69,467.72,474.3,481.87,483.14,464.6,448.1,494.0,0.0,Upward,Gradual Price Hike
Bihar,Patna,Paliganj,Ajda Sikariya,Retail / Kirana,Grocery Essentials,INR/Order,2024-02-01,2024,2,Winter,0,88.29,103.73,481.87,448.1,493.69,470.7,456.3,599.3,478.3,7.07,Downward,Promotional Discounting
Bihar,Patna,Paliganj,Ajda Sikariya,Retail / Kirana,Grocery Essentials,INR/Order,2024-03-01,2024,3,Summer,1,90.72,101.68,493.69,599.3,483.14,465.85,452.33,494.0,487.7,10.62,Downward,Promotional Discounting
Bihar,Patna,Paliganj,Ajda Sikariya,Retail / Kirana,Grocery Essentials,INR/Order,2024-04-01,2024,4,Summer,0,90.73,101.97,483.14,494.0,470.7,464.6,460.22,478.3,510.0,5.3,Downward,Promotional Discounting
Bihar,Patna,Paliganj,Ajda Sikariya,Retail / Kirana,Grocery Essentials,INR/Order,2024-05-01,2024,5,Summer,0,90.5,100.98,470.7,478.3,465.85,456.3,456.25,487.7,580.1,9.4,Downward,Promotional Discounting
Bihar,Patna,Paliganj,Ajda Sikariya,Retail / Kirana,Grocery Essentials,INR/Order,2024-06-01,2024,6,Monsoon,0,90.07,101.62,465.85,487.7,464.6,452.33,468.6,510.0,529.6,7.28,Downward,Promotional Discounting
Bihar,Patna,Paliganj,Ajda Sikariya,Retail / Kirana,Grocery Essentials,INR/Order,2024-07-01,2024,7,Monsoon,0,89.86,101.64,464.6,510.0,456.3,460.22,483.96,580.1,472.8,2.63,Stable,Competitive Market Rate
Bihar,Patna,Paliganj,Ajda Sikariya,Retail / Kirana,Grocery Essentials,INR/Order,2024-08-01,2024,8,Monsoon,1,91.5,100.68,456.3,580.1,452.33,456.25,485.04,529.6,468.5,4.24,Stable,Competitive Market Rate
Bihar,Patna,Paliganj,Ajda Sikariya,Retail / Kirana,Grocery Essentials,INR/Order,2024-09-01,2024,9,Monsoon,0,88.85,101.41,452.33,529.6,460.22,468.6,494.8,472.8,506.0,5.11,Upward,Gradual Price Hike
Bihar,Patna,Paliganj,Ajda Sikariya,Tailoring & Garment Services,Stitching Job,INR/Job,2024-01-01,2024,1,Winter,0,89.15,99.39,283.93,203.8,290.13,287.25,275.08,185.2,177.7,0.0,Stable,Competitive Market Rate
Bihar,Patna,Paliganj,Ajda Sikariya,Tailoring & Garment Services,Stitching Job,INR/Job,2024-02-01,2024,2,Winter,0,88.43,98.85,290.13,185.2,297.61,286.8,274.8,201.6,194.9,3.1,Stable,Competitive Market Rate
Bihar,Patna,Paliganj,Ajda Sikariya,Tailoring & Garment Services,Stitching Job,INR/Job,2024-03-01,2024,3,Summer,1,86.6,93.64,297.61,201.6,287.25,279.89,268.23,177.7,181.7,5.59,Downward,Promotional Discounting
Bihar,Patna,Paliganj,Ajda Sikariya,Tailoring & Garment Services,Stitching Job,INR/Job,2024-04-01,2024,4,Summer,0,86.64,94.26,287.25,177.7,286.8,275.08,268.48,194.9,186.7,4.37,Downward,Promotional Discounting
Bihar,Patna,Paliganj,Ajda Sikariya,Tailoring & Garment Services,Stitching Job,INR/Job,2024-05-01,2024,5,Summer,0,86.89,92.27,286.8,194.9,279.89,274.8,277.37,181.7,223.2,4.99,Downward,Promotional Discounting
Bihar,Patna,Paliganj,Ajda Sikariya,Tailoring & Garment Services,Stitching Job,INR/Job,2024-06-01,2024,6,Monsoon,0,86.67,91.44,279.89,181.7,275.08,268.23,282.92,186.7,178.3,3.37,Downward,Promotional Discounting
Bihar,Patna,Paliganj,Ajda Sikariya,Tailoring & Garment Services,Stitching Job,INR/Job,2024-07-01,2024,7,Monsoon,0,84.82,89.9,275.08,186.7,274.8,268.48,291.91,223.2,177.8,4.81,Downward,Promotional Discounting
Bihar,Patna,Paliganj,Ajda Sikariya,Tailoring & Garment Services,Stitching Job,INR/Job,2024-08-01,2024,8,Monsoon,1,87.2,89.35,274.8,223.2,268.23,277.37,294.19,178.3,192.1,2.34,Stable,Promotional Discounting
Bihar,Patna,Paliganj,Ajda Sikariya,Tailoring & Garment Services,Stitching Job,INR/Job,2024-09-01,2024,9,Monsoon,0,87.86,90.02,268.23,178.3,268.48,282.92,304.34,177.8,194.8,3.16,Upward,Gradual Price Hike
Bihar,Patna,Paliganj,Ajda Sikariya,Repair & Maintenance,Service Job,INR/Service,2024-01-01,2024,1,Winter,0,89.0,101.33,221.61,267.3,219.93,225.46,215.78,256.9,244.0,0.0,Stable,Competitive Market Rate
Bihar,Patna,Paliganj,Ajda Sikariya,Repair & Maintenance,Service Job,INR/Service,2024-02-01,2024,2,Winter,0,89.63,100.85,219.93,256.9,228.62,220.55,217.37,285.9,253.0,0.84,Stable,Competitive Market Rate
Bihar,Patna,Paliganj,Ajda Sikariya,Repair & Maintenance,Service Job,INR/Service,2024-03-01,2024,3,Summer,1,90.13,103.54,228.62,285.9,225.46,215.82,207.2,244.0,241.0,3.76,Downward,Promotional Discounting
Bihar,Patna,Paliganj,Ajda Sikariya,Repair & Maintenance,Service Job,INR/Service,2024-04-01,2024,4,Summer,0,91.81,103.89,225.46,244.0,220.55,215.78,215.13,253.0,240.2,3.59,Downward,Promotional Discounting
Bihar,Patna,Paliganj,Ajda Sikariya,Repair & Maintenance,Service Job,INR/Service,2024-05-01,2024,5,Summer,0,92.6,104.64,220.55,253.0,215.82,217.37,215.18,241.0,298.2,3.32,Stable,Competitive Market Rate
Bihar,Patna,Paliganj,Ajda Sikariya,Repair & Maintenance,Service Job,INR/Service,2024-06-01,2024,6,Monsoon,0,90.79,105.63,215.82,241.0,215.78,207.2,222.65,240.2,250.2,3.94,Downward,Promotional Discounting
Bihar,Patna,Paliganj,Ajda Sikariya,Repair & Maintenance,Service Job,INR/Service,2024-07-01,2024,7,Monsoon,0,92.05,106.27,215.78,240.2,217.37,215.13,224.46,298.2,242.6,2.24,Stable,Competitive Market Rate
Bihar,Patna,Paliganj,Ajda Sikariya,Repair & Maintenance,Service Job,INR/Service,2024-08-01,2024,8,Monsoon,1,90.86,107.52,217.37,298.2,207.2,215.18,233.12,250.2,261.0,0.74,Stable,Promotional Discounting
Bihar,Patna,Paliganj,Ajda Sikariya,Repair & Maintenance,Service Job,INR/Service,2024-09-01,2024,9,Monsoon,0,90.4,106.6,207.2,250.2,215.13,222.65,235.5,242.6,248.4,4.47,Upward,Gradual Price Hike
Bihar,Patna,Paliganj,Ajda Sikariya,Digital / CSC / Online Services,Banking/Aadhaar,INR/Transaction,2024-01-01,2024,1,Winter,0,88.8,99.77,52.27,350.9,54.73,54.85,53.54,336.3,353.4,0.0,Upward,Gradual Price Hike
Bihar,Patna,Paliganj,Ajda Sikariya,Digital / CSC / Online Services,Banking/Aadhaar,INR/Transaction,2024-02-01,2024,2,Winter,0,87.47,101.85,54.73,336.3,55.64,54.71,52.94,421.4,328.1,1.23,Stable,Competitive Market Rate
Bihar,Patna,Paliganj,Ajda Sikariya,Digital / CSC / Online Services,Banking/Aadhaar,INR/Transaction,2024-03-01,2024,3,Summer,1,88.97,103.57,55.64,421.4,54.85,53.55,52.05,353.4,372.0,1.42,Downward,Promotional Discounting
Bihar,Patna,Paliganj,Ajda Sikariya,Digital / CSC / Online Services,Banking/Aadhaar,INR/Transaction,2024-04-01,2024,4,Summer,0,87.16,101.79,54.85,353.4,54.71,53.54,51.88,328.1,349.5,0.41,Downward,Promotional Discounting
Bihar,Patna,Paliganj,Ajda Sikariya,Digital / CSC / Online Services,Banking/Aadhaar,INR/Transaction,2024-05-01,2024,5,Summer,0,88.62,102.57,54.71,328.1,53.55,52.94,52.78,372.0,408.0,0.41,Downward,Promotional Discounting
Bihar,Patna,Paliganj,Ajda Sikariya,Digital / CSC / Online Services,Banking/Aadhaar,INR/Transaction,2024-06-01,2024,6,Monsoon,0,87.58,104.85,53.55,372.0,53.54,52.05,54.8,349.5,377.2,0.58,Downward,Promotional Discounting
Bihar,Patna,Paliganj,Ajda Sikariya,Digital / CSC / Online Services,Banking/Aadhaar,INR/Transaction,2024-07-01,2024,7,Monsoon,0,86.75,104.11,53.54,349.5,52.94,51.88,55.51,408.0,348.4,0.55,Downward,Promotional Discounting
Bihar,Patna,Paliganj,Ajda Sikariya,Digital / CSC / Online Services,Banking/Aadhaar,INR/Transaction,2024-08-01,2024,8,Monsoon,1,86.57,103.67,52.94,408.0,52.05,52.78,57.39,377.2,333.1,0.29,Stable,Competitive Market Rate
Bihar,Patna,Paliganj,Ajda Sikariya,Digital / CSC / Online Services,Banking/Aadhaar,INR/Transaction,2024-09-01,2024,9,Monsoon,0,85.73,102.88,52.05,377.2,51.88,54.8,58.37,348.4,359.7,0.61,Upward,Gradual Price Hike
Bihar,Patna,Paliganj,Ajda Sikariya,Handicrafts / Artisan Products,Handcrafted Decor,INR/Piece,2024-01-01,2024,1,Winter,0,91.26,99.45,320.43,285.8,326.95,330.21,316.07,287.5,281.0,0.0,Upward,Competitive Market Rate
Bihar,Patna,Paliganj,Ajda Sikariya,Handicrafts / Artisan Products,Handcrafted Decor,INR/Piece,2024-02-01,2024,2,Winter,0,92.66,99.25,326.95,287.5,340.29,329.85,325.6,315.5,297.2,3.26,Stable,Competitive Market Rate
Bihar,Patna,Paliganj,Ajda Sikariya,Handicrafts / Artisan Products,Handcrafted Decor,INR/Piece,2024-03-01,2024,3,Summer,1,92.39,100.49,340.29,315.5,330.21,321.19,308.69,281.0,302.1,8.27,Downward,Promotional Discounting
Bihar,Patna,Paliganj,Ajda Sikariya,Handicrafts / Artisan Products,Handcrafted Decor,INR/Piece,2024-04-01,2024,4,Summer,0,92.33,99.83,330.21,281.0,329.85,316.07,317.87,297.2,297.3,5.68,Downward,Promotional Discounting
Bihar,Patna,Paliganj,Ajda Sikariya,Handicrafts / Artisan Products,Handcrafted Decor,INR/Piece,2024-05-01,2024,5,Summer,0,90.5,97.42,329.85,297.2,321.19,325.6,323.29,302.1,362.9,4.84,Stable,Competitive Market Rate
Bihar,Patna,Paliganj,Ajda Sikariya,Handicrafts / Artisan Products,Handcrafted Decor,INR/Piece,2024-06-01,2024,6,Monsoon,0,91.11,100.05,321.19,302.1,316.07,308.69,324.19,297.3,316.6,4.17,Downward,Promotional Discounting
Bihar,Patna,Paliganj,Ajda Sikariya,Handicrafts / Artisan Products,Handcrafted Decor,INR/Piece,2024-07-01,2024,7,Monsoon,0,91.8,102.12,316.07,297.3,325.6,317.87,338.15,362.9,283.5,5.69,Stable,Competitive Market Rate
Bihar,Patna,Paliganj,Ajda Sikariya,Handicrafts / Artisan Products,Handcrafted Decor,INR/Piece,2024-08-01,2024,8,Monsoon,1,91.72,100.18,325.6,362.9,308.69,323.29,342.05,316.6,321.7,3.89,Stable,Competitive Market Rate
Bihar,Patna,Paliganj,Ajda Sikariya,Handicrafts / Artisan Products,Handcrafted Decor,INR/Piece,2024-09-01,2024,9,Monsoon,0,93.07,101.22,308.69,316.6,317.87,324.19,350.36,283.5,284.5,6.92,Upward,Gradual Price Hike
Bihar,Begusarai,Barauni,Amarpur,Dairy & Livestock,Raw Cow Milk,INR/Litre,2024-01-01,2024,1,Winter,0,89.43,100.25,44.57,105.9,45.15,43.82,41.94,112.4,109.5,0.0,Stable,Competitive Market Rate
Bihar,Begusarai,Barauni,Amarpur,Dairy & Livestock,Raw Cow Milk,INR/Litre,2024-02-01,2024,2,Winter,0,87.3,99.21,45.15,112.4,45.7,44.38,42.3,125.3,111.5,0.29,Stable,Competitive Market Rate
Bihar,Begusarai,Barauni,Amarpur,Dairy & Livestock,Raw Cow Milk,INR/Litre,2024-03-01,2024,3,Summer,1,86.47,99.7,45.7,125.3,43.82,42.97,40.39,109.5,118.6,0.46,Downward,Promotional Discounting
Bihar,Begusarai,Barauni,Amarpur,Dairy & Livestock,Raw Cow Milk,INR/Litre,2024-04-01,2024,4,Summer,0,86.47,98.19,43.82,109.5,44.38,41.94,41.69,111.5,106.9,0.79,Downward,Promotional Discounting
Bihar,Begusarai,Barauni,Amarpur,Dairy & Livestock,Raw Cow Milk,INR/Litre,2024-05-01,2024,5,Summer,0,87.43,96.51,44.38,111.5,42.97,42.3,42.43,118.6,130.5,0.79,Downward,Promotional Discounting
Bihar,Begusarai,Barauni,Amarpur,Dairy & Livestock,Raw Cow Milk,INR/Litre,2024-06-01,2024,6,Monsoon,0,87.41,96.66,42.97,118.6,41.94,40.39,43.72,106.9,113.4,0.58,Downward,Promotional Discounting
Bihar,Begusarai,Barauni,Amarpur,Dairy & Livestock,Raw Cow Milk,INR/Litre,2024-07-01,2024,7,Monsoon,0,87.71,94.17,41.94,106.9,42.3,41.69,44.0,130.5,109.0,1.0,Stable,Competitive Market Rate
Bihar,Begusarai,Barauni,Amarpur,Dairy & Livestock,Raw Cow Milk,INR/Litre,2024-08-01,2024,8,Monsoon,1,87.26,90.96,42.3,130.5,40.39,42.43,43.56,113.4,113.3,0.42,Stable,Competitive Market Rate
Bihar,Begusarai,Barauni,Amarpur,Dairy & Livestock,Raw Cow Milk,INR/Litre,2024-09-01,2024,9,Monsoon,0,89.36,91.76,40.39,113.4,41.69,43.72,45.56,109.0,104.3,0.83,Upward,Gradual Price Hike
Bihar,Begusarai,Barauni,Amarpur,Poultry & Egg Production,Broiler Live Bird,INR/Kg,2024-01-01,2024,1,Winter,0,91.23,100.38,118.06,453.2,120.35,121.46,114.96,540.9,479.5,0.0,Upward,Competitive Market Rate
Bihar,Begusarai,Barauni,Amarpur,Poultry & Egg Production,Broiler Live Bird,INR/Kg,2024-02-01,2024,2,Winter,0,93.73,99.04,120.35,540.9,123.64,119.3,115.8,528.4,486.0,1.14,Stable,Competitive Market Rate
Bihar,Begusarai,Barauni,Amarpur,Poultry & Egg Production,Broiler Live Bird,INR/Kg,2024-03-01,2024,3,Summer,1,91.83,98.43,123.64,528.4,121.46,119.0,111.84,479.5,445.0,2.29,Downward,Promotional Discounting
Bihar,Begusarai,Barauni,Amarpur,Poultry & Egg Production,Broiler Live Bird,INR/Kg,2024-04-01,2024,4,Summer,0,89.57,96.93,121.46,479.5,119.3,114.96,114.2,486.0,456.5,1.36,Downward,Promotional Discounting
Bihar,Begusarai,Barauni,Amarpur,Poultry & Egg Production,Broiler Live Bird,INR/Kg,2024-05-01,2024,5,Summer,0,91.82,97.91,119.3,486.0,119.0,115.8,113.44,445.0,526.9,1.77,Downward,Promotional Discounting
Bihar,Begusarai,Barauni,Amarpur,Poultry & Egg Production,Broiler Live Bird,INR/Kg,2024-06-01,2024,6,Monsoon,0,92.29,99.2,119.0,445.0,114.96,111.84,116.51,456.5,476.7,1.1,Downward,Promotional Discounting
Bihar,Begusarai,Barauni,Amarpur,Poultry & Egg Production,Broiler Live Bird,INR/Kg,2024-07-01,2024,7,Monsoon,0,91.24,98.85,114.96,456.5,115.8,114.2,119.52,526.9,501.8,1.98,Stable,Competitive Market Rate
Bihar,Begusarai,Barauni,Amarpur,Poultry & Egg Production,Broiler Live Bird,INR/Kg,2024-08-01,2024,8,Monsoon,1,91.89,98.9,115.8,526.9,111.84,113.44,124.4,476.7,482.4,1.74,Downward,Promotional Discounting
Bihar,Begusarai,Barauni,Amarpur,Poultry & Egg Production,Broiler Live Bird,INR/Kg,2024-09-01,2024,9,Monsoon,0,88.72,96.73,111.84,476.7,114.2,116.51,123.05,501.8,446.1,1.7,Upward,Competitive Market Rate
Bihar,Begusarai,Barauni,Amarpur,Fisheries / Aquaculture,Freshwater Rohu Fish,INR/Kg,2024-01-01,2024,1,Winter,0,92.11,102.29,176.24,283.0,177.15,175.96,166.48,285.3,301.7,0.0,Stable,Competitive Market Rate
Bihar,Begusarai,Barauni,Amarpur,Fisheries / Aquaculture,Freshwater Rohu Fish,INR/Kg,2024-02-01,2024,2,Winter,0,91.77,101.21,177.15,285.3,177.22,174.36,167.16,320.5,278.1,0.45,Stable,Competitive Market Rate
Bihar,Begusarai,Barauni,Amarpur,Fisheries / Aquaculture,Freshwater Rohu Fish,INR/Kg,2024-03-01,2024,3,Summer,1,93.32,102.0,177.22,320.5,175.96,170.14,164.06,301.7,299.7,0.45,Downward,Promotional Discounting
Bihar,Begusarai,Barauni,Amarpur,Fisheries / Aquaculture,Freshwater Rohu Fish,INR/Kg,2024-04-01,2024,4,Summer,0,94.48,102.23,175.96,301.7,174.36,166.48,164.38,278.1,277.7,0.58,Downward,Promotional Discounting
Bihar,Begusarai,Barauni,Amarpur,Fisheries / Aquaculture,Freshwater Rohu Fish,INR/Kg,2024-05-01,2024,5,Summer,0,94.23,102.05,174.36,278.1,170.14,167.16,166.13,299.7,343.3,1.17,Downward,Promotional Discounting
Bihar,Begusarai,Barauni,Amarpur,Fisheries / Aquaculture,Freshwater Rohu Fish,INR/Kg,2024-06-01,2024,6,Monsoon,0,96.76,102.59,170.14,299.7,166.48,164.06,169.29,277.7,289.9,2.46,Downward,Promotional Discounting
Bihar,Begusarai,Barauni,Amarpur,Fisheries / Aquaculture,Freshwater Rohu Fish,INR/Kg,2024-07-01,2024,7,Monsoon,0,97.09,102.91,166.48,277.7,167.16,164.38,171.29,343.3,281.0,3.22,Stable,Competitive Market Rate
Bihar,Begusarai,Barauni,Amarpur,Fisheries / Aquaculture,Freshwater Rohu Fish,INR/Kg,2024-08-01,2024,8,Monsoon,1,98.9,103.72,167.16,343.3,164.06,166.13,173.41,289.9,278.4,1.59,Stable,Promotional Discounting
Bihar,Begusarai,Barauni,Amarpur,Fisheries / Aquaculture,Freshwater Rohu Fish,INR/Kg,2024-09-01,2024,9,Monsoon,0,100.58,105.89,164.06,289.9,164.38,169.29,179.48,281.0,304.9,1.33,Upward,Gradual Price Hike
Bihar,Begusarai,Barauni,Amarpur,Agri-input & Farm Supply,Hybrid Paddy/Wheat Seed & Fert,INR/50Kg Bag,2024-01-01,2024,1,Winter,0,90.31,97.7,1482.1,186.0,1503.38,1526.31,1446.48,183.6,198.7,0.0,Upward,Gradual Price Hike
Bihar,Begusarai,Barauni,Amarpur,Agri-input & Farm Supply,Hybrid Paddy/Wheat Seed & Fert,INR/50Kg Bag,2024-02-01,2024,2,Winter,0,89.67,98.83,1503.38,183.6,1554.44,1494.69,1451.34,203.9,206.3,10.64,Stable,Competitive Market Rate
Bihar,Begusarai,Barauni,Amarpur,Agri-input & Farm Supply,Hybrid Paddy/Wheat Seed & Fert,INR/50Kg Bag,2024-03-01,2024,3,Summer,1,88.46,99.75,1554.44,203.9,1526.31,1489.54,1436.07,198.7,201.9,30.35,Downward,Promotional Discounting
Bihar,Begusarai,Barauni,Amarpur,Agri-input & Farm Supply,Hybrid Paddy/Wheat Seed & Fert,INR/50Kg Bag,2024-04-01,2024,4,Summer,0,86.1,98.23,1526.31,198.7,1494.69,1446.48,1427.55,206.3,202.4,20.88,Downward,Promotional Discounting
Bihar,Begusarai,Barauni,Amarpur,Agri-input & Farm Supply,Hybrid Paddy/Wheat Seed & Fert,INR/50Kg Bag,2024-05-01,2024,5,Summer,0,86.52,97.86,1494.69,206.3,1489.54,1451.34,1478.34,201.9,231.5,24.4,Downward,Promotional Discounting
Bihar,Begusarai,Barauni,Amarpur,Agri-input & Farm Supply,Hybrid Paddy/Wheat Seed & Fert,INR/50Kg Bag,2024-06-01,2024,6,Monsoon,0,84.64,97.8,1489.54,201.9,1446.48,1436.07,1509.05,202.4,200.1,16.25,Downward,Promotional Discounting
Bihar,Begusarai,Barauni,Amarpur,Agri-input & Farm Supply,Hybrid Paddy/Wheat Seed & Fert,INR/50Kg Bag,2024-07-01,2024,7,Monsoon,0,84.76,97.6,1446.48,202.4,1451.34,1427.55,1547.36,231.5,186.5,21.62,Stable,Competitive Market Rate
Bihar,Begusarai,Barauni,Amarpur,Agri-input & Farm Supply,Hybrid Paddy/Wheat Seed & Fert,INR/50Kg Bag,2024-08-01,2024,8,Monsoon,1,84.44,98.1,1451.34,231.5,1436.07,1478.34,1567.85,200.1,183.3,19.26,Stable,Competitive Market Rate
Bihar,Begusarai,Barauni,Amarpur,Agri-input & Farm Supply,Hybrid Paddy/Wheat Seed & Fert,INR/50Kg Bag,2024-09-01,2024,9,Monsoon,0,85.26,100.25,1436.07,200.1,1427.55,1509.05,1590.07,186.5,177.7,6.37,Upward,Gradual Price Hike
Bihar,Begusarai,Barauni,Amarpur,Food Processing,Mustard Oil,INR/Litre,2024-01-01,2024,1,Winter,0,90.48,99.53,147.51,440.5,150.76,146.88,139.47,467.8,421.9,0.0,Stable,Competitive Market Rate
Bihar,Begusarai,Barauni,Amarpur,Food Processing,Mustard Oil,INR/Litre,2024-02-01,2024,2,Winter,0,89.26,97.05,150.76,467.8,154.79,147.92,144.15,479.4,436.3,1.63,Stable,Competitive Market Rate
Bihar,Begusarai,Barauni,Amarpur,Food Processing,Mustard Oil,INR/Litre,2024-03-01,2024,3,Summer,1,87.81,97.86,154.79,479.4,146.88,143.95,140.1,421.9,449.9,2.98,Downward,Promotional Discounting
Bihar,Begusarai,Barauni,Amarpur,Food Processing,Mustard Oil,INR/Litre,2024-04-01,2024,4,Summer,0,88.26,98.08,146.88,421.9,147.92,139.47,139.98,436.3,446.2,3.23,Downward,Promotional Discounting
Bihar,Begusarai,Barauni,Amarpur,Food Processing,Mustard Oil,INR/Litre,2024-05-01,2024,5,Summer,0,87.78,99.23,147.92,436.3,143.95,144.15,144.08,449.9,515.2,3.51,Downward,Promotional Discounting
Bihar,Begusarai,Barauni,Amarpur,Food Processing,Mustard Oil,INR/Litre,2024-06-01,2024,6,Monsoon,0,89.97,96.62,143.95,449.9,139.47,140.1,146.24,446.2,477.4,1.68,Downward,Promotional Discounting
Bihar,Begusarai,Barauni,Amarpur,Food Processing,Mustard Oil,INR/Litre,2024-07-01,2024,7,Monsoon,0,91.11,98.29,139.47,446.2,144.15,139.98,148.5,515.2,428.2,3.45,Stable,Competitive Market Rate
Bihar,Begusarai,Barauni,Amarpur,Food Processing,Mustard Oil,INR/Litre,2024-08-01,2024,8,Monsoon,1,91.68,97.08,144.15,515.2,140.1,144.08,152.39,477.4,463.2,2.16,Stable,Competitive Market Rate
Bihar,Begusarai,Barauni,Amarpur,Food Processing,Mustard Oil,INR/Litre,2024-09-01,2024,9,Monsoon,0,92.31,96.86,140.1,477.4,139.98,146.24,152.75,428.2,431.3,2.07,Upward,Gradual Price Hike
Bihar,Begusarai,Barauni,Amarpur,Retail / Kirana,Grocery Essentials,INR/Order,2024-01-01,2024,1,Winter,0,90.71,97.34,451.33,224.1,460.4,459.23,438.95,224.2,237.3,0.0,Stable,Competitive Market Rate
Bihar,Begusarai,Barauni,Amarpur,Retail / Kirana,Grocery Essentials,INR/Order,2024-02-01,2024,2,Winter,0,90.05,97.21,460.4,224.2,470.19,452.13,441.38,274.7,231.1,4.53,Stable,Competitive Market Rate
Bihar,Begusarai,Barauni,Amarpur,Retail / Kirana,Grocery Essentials,INR/Order,2024-03-01,2024,3,Summer,1,89.55,95.97,470.19,274.7,459.23,446.16,432.72,237.3,225.9,7.7,Downward,Promotional Discounting
Bihar,Begusarai,Barauni,Amarpur,Retail / Kirana,Grocery Essentials,INR/Order,2024-04-01,2024,4,Summer,0,88.44,97.34,459.23,237.3,452.13,438.95,437.39,231.1,218.0,4.91,Downward,Promotional Discounting
Bihar,Begusarai,Barauni,Amarpur,Retail / Kirana,Grocery Essentials,INR/Order,2024-05-01,2024,5,Summer,0,88.4,96.51,452.13,231.1,446.16,441.38,449.41,225.9,267.8,7.43,Downward,Promotional Discounting
Bihar,Begusarai,Barauni,Amarpur,Retail / Kirana,Grocery Essentials,INR/Order,2024-06-01,2024,6,Monsoon,0,87.38,96.34,446.16,225.9,438.95,432.72,450.52,218.0,234.8,5.34,Downward,Promotional Discounting
Bihar,Begusarai,Barauni,Amarpur,Retail / Kirana,Grocery Essentials,INR/Order,2024-07-01,2024,7,Monsoon,0,88.07,95.39,438.95,218.0,441.38,437.39,463.93,267.8,242.3,5.39,Stable,Competitive Market Rate
Bihar,Begusarai,Barauni,Amarpur,Retail / Kirana,Grocery Essentials,INR/Order,2024-08-01,2024,8,Monsoon,1,85.93,97.99,441.38,267.8,432.72,449.41,470.58,234.8,226.4,2.99,Stable,Competitive Market Rate
Bihar,Begusarai,Barauni,Amarpur,Retail / Kirana,Grocery Essentials,INR/Order,2024-09-01,2024,9,Monsoon,0,85.49,97.51,432.72,234.8,437.39,450.52,484.57,242.3,221.5,3.65,Upward,Competitive Market Rate
Bihar,Begusarai,Barauni,Amarpur,Tailoring & Garment Services,Stitching Job,INR/Job,2024-01-01,2024,1,Winter,0,90.46,98.98,285.78,246.1,298.98,294.67,281.58,246.8,262.4,0.0,Upward,Competitive Market Rate
Bihar,Begusarai,Barauni,Amarpur,Tailoring & Garment Services,Stitching Job,INR/Job,2024-02-01,2024,2,Winter,0,90.23,98.44,298.98,246.8,292.78,291.81,286.1,269.4,263.7,6.6,Downward,Promotional Discounting
Bihar,Begusarai,Barauni,Amarpur,Tailoring & Garment Services,Stitching Job,INR/Job,2024-03-01,2024,3,Summer,1,90.31,99.25,292.78,269.4,294.67,286.29,278.03,262.4,227.4,5.39,Downward,Promotional Discounting
Bihar,Begusarai,Barauni,Amarpur,Tailoring & Garment Services,Stitching Job,INR/Job,2024-04-01,2024,4,Summer,0,90.84,99.7,294.67,262.4,291.81,281.58,277.91,263.7,258.3,2.59,Downward,Promotional Discounting
Bihar,Begusarai,Barauni,Amarpur,Tailoring & Garment Services,Stitching Job,INR/Job,2024-05-01,2024,5,Summer,0,90.42,100.26,291.81,263.7,286.29,286.1,280.48,227.4,274.5,1.19,Stable,Competitive Market Rate
Bihar,Begusarai,Barauni,Amarpur,Tailoring & Garment Services,Stitching Job,INR/Job,2024-06-01,2024,6,Monsoon,0,89.23,102.29,286.29,227.4,281.58,278.03,290.42,258.3,289.2,3.48,Downward,Promotional Discounting
Bihar,Begusarai,Barauni,Amarpur,Tailoring & Garment Services,Stitching Job,INR/Job,2024-07-01,2024,7,Monsoon,0,88.59,103.32,281.58,258.3,286.1,277.91,295.82,274.5,263.7,4.18,Stable,Competitive Market Rate
Bihar,Begusarai,Barauni,Amarpur,Tailoring & Garment Services,Stitching Job,INR/Job,2024-08-01,2024,8,Monsoon,1,90.02,103.11,286.1,274.5,278.03,280.48,301.92,289.2,265.3,2.18,Stable,Competitive Market Rate
Bihar,Begusarai,Barauni,Amarpur,Tailoring & Garment Services,Stitching Job,INR/Job,2024-09-01,2024,9,Monsoon,0,90.16,101.34,278.03,289.2,277.91,290.42,313.8,263.7,255.9,3.3,Upward,Gradual Price Hike
Bihar,Begusarai,Barauni,Amarpur,Repair & Maintenance,Service Job,INR/Service,2024-01-01,2024,1,Winter,0,89.36,100.38,216.55,183.1,224.02,225.69,218.89,206.7,215.6,0.0,Upward,Competitive Market Rate
Bihar,Begusarai,Barauni,Amarpur,Repair & Maintenance,Service Job,INR/Service,2024-02-01,2024,2,Winter,0,89.79,100.2,224.02,206.7,225.63,223.57,220.24,227.0,206.1,3.73,Stable,Competitive Market Rate
Bihar,Begusarai,Barauni,Amarpur,Repair & Maintenance,Service Job,INR/Service,2024-03-01,2024,3,Summer,1,88.91,100.53,225.63,227.0,225.69,221.12,209.86,215.6,181.3,3.95,Stable,Competitive Market Rate
Bihar,Begusarai,Barauni,Amarpur,Repair & Maintenance,Service Job,INR/Service,2024-04-01,2024,4,Summer,0,89.82,102.89,225.69,215.6,223.57,218.89,215.67,206.1,206.1,0.77,Downward,Promotional Discounting
Bihar,Begusarai,Barauni,Amarpur,Repair & Maintenance,Service Job,INR/Service,2024-05-01,2024,5,Summer,0,90.64,104.37,223.57,206.1,221.12,220.24,220.12,181.3,274.3,0.99,Stable,Competitive Market Rate
Bihar,Begusarai,Barauni,Amarpur,Repair & Maintenance,Service Job,INR/Service,2024-06-01,2024,6,Monsoon,0,92.86,105.68,221.12,181.3,218.89,209.86,224.07,206.1,225.0,1.87,Downward,Promotional Discounting
Bihar,Begusarai,Barauni,Amarpur,Repair & Maintenance,Service Job,INR/Service,2024-07-01,2024,7,Monsoon,0,92.65,104.99,218.89,206.1,220.24,215.67,227.11,274.3,208.1,1.91,Stable,Competitive Market Rate
Bihar,Begusarai,Barauni,Amarpur,Repair & Maintenance,Service Job,INR/Service,2024-08-01,2024,8,Monsoon,1,93.45,103.66,220.24,274.3,209.86,220.12,233.42,225.0,199.1,0.92,Stable,Promotional Discounting
Bihar,Begusarai,Barauni,Amarpur,Repair & Maintenance,Service Job,INR/Service,2024-09-01,2024,9,Monsoon,0,93.57,105.09,209.86,225.0,215.67,224.07,239.6,208.1,205.3,4.61,Upward,Gradual Price Hike
Bihar,Begusarai,Barauni,Amarpur,Digital / CSC / Online Services,Banking/Aadhaar,INR/Transaction,2024-01-01,2024,1,Winter,0,89.92,101.29,53.9,464.9,54.35,54.06,52.51,499.3,493.2,0.0,Stable,Competitive Market Rate
Bihar,Begusarai,Barauni,Amarpur,Digital / CSC / Online Services,Banking/Aadhaar,INR/Transaction,2024-02-01,2024,2,Winter,0,87.7,101.99,54.35,499.3,56.25,55.27,52.64,571.3,479.2,0.22,Stable,Competitive Market Rate
Bihar,Begusarai,Barauni,Amarpur,Digital / CSC / Online Services,Banking/Aadhaar,INR/Transaction,2024-03-01,2024,3,Summer,1,88.64,102.75,56.25,571.3,54.06,53.54,51.33,493.2,515.2,1.02,Downward,Promotional Discounting
Bihar,Begusarai,Barauni,Amarpur,Digital / CSC / Online Services,Banking/Aadhaar,INR/Transaction,2024-04-01,2024,4,Summer,0,86.69,103.01,54.06,493.2,55.27,52.51,50.37,479.2,502.9,0.97,Downward,Promotional Discounting
Bihar,Begusarai,Barauni,Amarpur,Digital / CSC / Online Services,Banking/Aadhaar,INR/Transaction,2024-05-01,2024,5,Summer,0,85.24,101.65,55.27,479.2,53.54,52.64,51.92,515.2,590.1,0.9,Downward,Promotional Discounting
Bihar,Begusarai,Barauni,Amarpur,Digital / CSC / Online Services,Banking/Aadhaar,INR/Transaction,2024-06-01,2024,6,Monsoon,0,84.95,100.1,53.54,515.2,52.51,51.33,52.54,502.9,475.4,0.72,Downward,Promotional Discounting
Bihar,Begusarai,Barauni,Amarpur,Digital / CSC / Online Services,Banking/Aadhaar,INR/Transaction,2024-07-01,2024,7,Monsoon,0,85.1,99.96,52.51,502.9,52.64,50.37,53.92,590.1,468.2,1.14,Downward,Promotional Discounting
Bihar,Begusarai,Barauni,Amarpur,Digital / CSC / Online Services,Banking/Aadhaar,INR/Transaction,2024-08-01,2024,8,Monsoon,1,83.89,100.18,52.64,590.1,51.33,51.92,54.53,475.4,515.7,0.46,Stable,Promotional Discounting
Bihar,Begusarai,Barauni,Amarpur,Digital / CSC / Online Services,Banking/Aadhaar,INR/Transaction,2024-09-01,2024,9,Monsoon,0,83.56,99.16,51.33,475.4,50.37,52.54,56.44,468.2,521.6,0.59,Upward,Gradual Price Hike
Bihar,Begusarai,Barauni,Amarpur,Handicrafts / Artisan Products,Handcrafted Decor,INR/Piece,2024-01-01,2024,1,Winter,0,90.54,99.5,330.74,315.1,338.7,340.47,317.33,265.6,277.5,0.0,Upward,Gradual Price Hike
Bihar,Begusarai,Barauni,Amarpur,Handicrafts / Artisan Products,Handcrafted Decor,INR/Piece,2024-02-01,2024,2,Winter,0,89.37,100.13,338.7,265.6,346.75,331.9,316.06,303.1,306.5,3.98,Downward,Promotional Discounting
Bihar,Begusarai,Barauni,Amarpur,Handicrafts / Artisan Products,Handcrafted Decor,INR/Piece,2024-03-01,2024,3,Summer,1,89.44,101.93,346.75,303.1,340.47,321.53,311.31,277.5,270.8,6.54,Downward,Promotional Discounting
Bihar,Begusarai,Barauni,Amarpur,Handicrafts / Artisan Products,Handcrafted Decor,INR/Piece,2024-04-01,2024,4,Summer,0,89.97,99.87,340.47,277.5,331.9,317.33,318.46,306.5,307.6,3.46,Downward,Promotional Discounting
Bihar,Begusarai,Barauni,Amarpur,Handicrafts / Artisan Products,Handcrafted Decor,INR/Piece,2024-05-01,2024,5,Summer,0,89.56,98.81,331.9,306.5,321.53,316.06,318.01,270.8,295.4,6.09,Downward,Promotional Discounting
Bihar,Begusarai,Barauni,Amarpur,Handicrafts / Artisan Products,Handcrafted Decor,INR/Piece,2024-06-01,2024,6,Monsoon,0,89.77,98.38,321.53,270.8,317.33,311.31,319.8,307.6,302.7,7.74,Downward,Promotional Discounting
Bihar,Begusarai,Barauni,Amarpur,Handicrafts / Artisan Products,Handcrafted Decor,INR/Piece,2024-07-01,2024,7,Monsoon,0,88.61,97.2,317.33,307.6,316.06,318.46,333.04,295.4,285.4,6.12,Stable,Competitive Market Rate
Bihar,Begusarai,Barauni,Amarpur,Handicrafts / Artisan Products,Handcrafted Decor,INR/Piece,2024-08-01,2024,8,Monsoon,1,88.36,99.8,316.06,295.4,311.31,318.01,335.56,302.7,309.0,2.34,Stable,Competitive Market Rate
Bihar,Begusarai,Barauni,Amarpur,Handicrafts / Artisan Products,Handcrafted Decor,INR/Piece,2024-09-01,2024,9,Monsoon,0,89.1,98.52,311.31,302.7,318.46,319.8,337.4,285.4,286.0,2.59,Upward,Gradual Price Hike
